{
	"partitions" : [
		{
			"name" : "Top",
			"pins" : [
				{
					"name" : "QG[0]",
					"strict" : false
				},
				{
					"name" : "QG[1]",
					"strict" : false
				},
				{
					"name" : "QG[2]",
					"strict" : false
				},
				{
					"name" : "QG[3]",
					"strict" : false
				},
				{
					"name" : "QG[4]",
					"strict" : false
				},
				{
					"name" : "QG[5]",
					"strict" : false
				},
				{
					"name" : "CLK",
					"strict" : false
				},
				{
					"name" : "RESET",
					"strict" : false
				},
				{
					"name" : "ENABLE",
					"strict" : false
				}
			]
		}
	]
}