# Copyright (C) 1991-2013 Altera Corporation
# Your use of Altera Corporation's design tools, logic functions 
# and other software and tools, and its AMPP partner logic 
# functions, and any output files from any of the foregoing 
# (including device programming or simulation files), and any 
# associated documentation or information are expressly subject 
# to the terms and conditions of the Altera Program License 
# Subscription Agreement, Altera MegaCore Function License 
# Agreement, or other applicable license agreement, including, 
# without limitation, that your use is for the sole purpose of 
# programming logic devices manufactured by Altera and sold by 
# Altera or its authorized distributors.  Please refer to the 
# applicable agreement for further details.

# Quartus II 64-Bit Version 13.0.1 Build 232 06/12/2013 Service Pack 1 SJ Web Edition
# File: C:\SPS\VeekMT2_assignments.csv
# Generated on: Fri Oct 06 14:12:12 2023

Status,From,To,Assignment Name,Value,Enabled,Entity,Comment,Tag
Ok,,CLOCK2_50,I/O Standard,3.3-V LVTTL,Yes,,,
Ok,,CLOCK3_50,I/O Standard,3.3-V LVTTL,Yes,,,
Ok,,CLOCK_50,I/O Standard,3.3-V LVTTL,Yes,,,
Ok,,CLOCK2_50,Location,PIN_AG14,Yes,,,
Ok,,CLOCK3_50,Location,PIN_AG15,Yes,,,
Ok,,CLOCK_50,Location,PIN_Y2,Yes,,,
Ok,,LEDG[0],I/O Standard,2.5 V,Yes,,,
Ok,,LEDG[1],I/O Standard,2.5 V,Yes,,,
Ok,,LEDG[2],I/O Standard,2.5 V,Yes,,,
Ok,,LEDG[3],I/O Standard,2.5 V,Yes,,,
Ok,,LEDG[4],I/O Standard,2.5 V,Yes,,,
Ok,,LEDG[5],I/O Standard,2.5 V,Yes,,,
Ok,,LEDG[6],I/O Standard,2.5 V,Yes,,,
Ok,,LEDG[7],I/O Standard,2.5 V,Yes,,,
Ok,,LEDG[8],I/O Standard,2.5 V,Yes,,,
Ok,,LEDR[0],I/O Standard,2.5 V,Yes,,,
Ok,,LEDR[1],I/O Standard,2.5 V,Yes,,,
Ok,,LEDR[2],I/O Standard,2.5 V,Yes,,,
Ok,,LEDR[3],I/O Standard,2.5 V,Yes,,,
Ok,,LEDR[4],I/O Standard,2.5 V,Yes,,,
Ok,,LEDR[5],I/O Standard,2.5 V,Yes,,,
Ok,,LEDR[6],I/O Standard,2.5 V,Yes,,,
Ok,,LEDR[7],I/O Standard,2.5 V,Yes,,,
Ok,,LEDR[8],I/O Standard,2.5 V,Yes,,,
Ok,,LEDR[9],I/O Standard,2.5 V,Yes,,,
Ok,,LEDR[10],I/O Standard,2.5 V,Yes,,,
Ok,,LEDR[11],I/O Standard,2.5 V,Yes,,,
Ok,,LEDR[12],I/O Standard,2.5 V,Yes,,,
Ok,,LEDR[13],I/O Standard,2.5 V,Yes,,,
Ok,,LEDR[14],I/O Standard,2.5 V,Yes,,,
Ok,,LEDR[15],I/O Standard,2.5 V,Yes,,,
Ok,,LEDR[16],I/O Standard,2.5 V,Yes,,,
Ok,,LEDR[17],I/O Standard,2.5 V,Yes,,,
Ok,,LEDG[0],Location,PIN_E21,Yes,,,
Ok,,LEDG[1],Location,PIN_E22,Yes,,,
Ok,,LEDG[2],Location,PIN_E25,Yes,,,
Ok,,LEDG[3],Location,PIN_E24,Yes,,,
Ok,,LEDG[4],Location,PIN_H21,Yes,,,
Ok,,LEDG[5],Location,PIN_G20,Yes,,,
Ok,,LEDG[6],Location,PIN_G22,Yes,,,
Ok,,LEDG[7],Location,PIN_G21,Yes,,,
Ok,,LEDG[8],Location,PIN_F17,Yes,,,
Ok,,LEDR[0],Location,PIN_G19,Yes,,,
Ok,,LEDR[1],Location,PIN_F19,Yes,,,
Ok,,LEDR[2],Location,PIN_E19,Yes,,,
Ok,,LEDR[3],Location,PIN_F21,Yes,,,
Ok,,LEDR[4],Location,PIN_F18,Yes,,,
Ok,,LEDR[5],Location,PIN_E18,Yes,,,
Ok,,LEDR[6],Location,PIN_J19,Yes,,,
Ok,,LEDR[7],Location,PIN_H19,Yes,,,
Ok,,LEDR[8],Location,PIN_J17,Yes,,,
Ok,,LEDR[9],Location,PIN_G17,Yes,,,
Ok,,LEDR[10],Location,PIN_J15,Yes,,,
Ok,,LEDR[11],Location,PIN_H16,Yes,,,
Ok,,LEDR[12],Location,PIN_J16,Yes,,,
Ok,,LEDR[13],Location,PIN_H17,Yes,,,
Ok,,LEDR[14],Location,PIN_F15,Yes,,,
Ok,,LEDR[15],Location,PIN_G15,Yes,,,
Ok,,LEDR[16],Location,PIN_G16,Yes,,,
Ok,,LEDR[17],Location,PIN_H15,Yes,,,
Ok,,KEY[0],I/O Standard,2.5 V,Yes,,,
Ok,,KEY[1],I/O Standard,2.5 V,Yes,,,
Ok,,KEY[2],I/O Standard,2.5 V,Yes,,,
Ok,,KEY[3],I/O Standard,2.5 V,Yes,,,
Ok,,KEY[0],Location,PIN_M23,Yes,,,
Ok,,KEY[1],Location,PIN_M21,Yes,,,
Ok,,KEY[2],Location,PIN_N21,Yes,,,
Ok,,KEY[3],Location,PIN_R24,Yes,,,
Ok,,EX_IO[0],I/O Standard,3.3-V LVTTL,Yes,,,
Ok,,EX_IO[1],I/O Standard,3.3-V LVTTL,Yes,,,
Ok,,EX_IO[2],I/O Standard,3.3-V LVTTL,Yes,,,
Ok,,EX_IO[3],I/O Standard,3.3-V LVTTL,Yes,,,
Ok,,EX_IO[4],I/O Standard,3.3-V LVTTL,Yes,,,
Ok,,EX_IO[5],I/O Standard,3.3-V LVTTL,Yes,,,
Ok,,EX_IO[6],I/O Standard,3.3-V LVTTL,Yes,,,
Ok,,EX_IO[0],Location,PIN_J10,Yes,,,
Ok,,EX_IO[1],Location,PIN_J14,Yes,,,
Ok,,EX_IO[2],Location,PIN_H13,Yes,,,
Ok,,EX_IO[3],Location,PIN_H14,Yes,,,
Ok,,EX_IO[4],Location,PIN_F14,Yes,,,
Ok,,EX_IO[5],Location,PIN_E10,Yes,,,
Ok,,EX_IO[6],Location,PIN_D9,Yes,,,
Ok,,SW[0],I/O Standard,2.5 V,Yes,,,
Ok,,SW[1],I/O Standard,2.5 V,Yes,,,
Ok,,SW[2],I/O Standard,2.5 V,Yes,,,
Ok,,SW[3],I/O Standard,2.5 V,Yes,,,
Ok,,SW[4],I/O Standard,2.5 V,Yes,,,
Ok,,SW[5],I/O Standard,2.5 V,Yes,,,
Ok,,SW[6],I/O Standard,2.5 V,Yes,,,
Ok,,SW[7],I/O Standard,2.5 V,Yes,,,
Ok,,SW[8],I/O Standard,2.5 V,Yes,,,
Ok,,SW[9],I/O Standard,2.5 V,Yes,,,
Ok,,SW[10],I/O Standard,2.5 V,Yes,,,
Ok,,SW[11],I/O Standard,2.5 V,Yes,,,
Ok,,SW[12],I/O Standard,2.5 V,Yes,,,
Ok,,SW[13],I/O Standard,2.5 V,Yes,,,
Ok,,SW[14],I/O Standard,2.5 V,Yes,,,
Ok,,SW[15],I/O Standard,2.5 V,Yes,,,
Ok,,SW[16],I/O Standard,2.5 V,Yes,,,
Ok,,SW[17],I/O Standard,2.5 V,Yes,,,
Ok,,SW[0],Location,PIN_AB28,Yes,,,
Ok,,SW[1],Location,PIN_AC28,Yes,,,
Ok,,SW[2],Location,PIN_AC27,Yes,,,
Ok,,SW[3],Location,PIN_AD27,Yes,,,
Ok,,SW[4],Location,PIN_AB27,Yes,,,
Ok,,SW[5],Location,PIN_AC26,Yes,,,
Ok,,SW[6],Location,PIN_AD26,Yes,,,
Ok,,SW[7],Location,PIN_AB26,Yes,,,
Ok,,SW[8],Location,PIN_AC25,Yes,,,
Ok,,SW[9],Location,PIN_AB25,Yes,,,
Ok,,SW[10],Location,PIN_AC24,Yes,,,
Ok,,SW[11],Location,PIN_AB24,Yes,,,
Ok,,SW[12],Location,PIN_AB23,Yes,,,
Ok,,SW[13],Location,PIN_AA24,Yes,,,
Ok,,SW[14],Location,PIN_AA23,Yes,,,
Ok,,SW[15],Location,PIN_AA22,Yes,,,
Ok,,SW[16],Location,PIN_Y24,Yes,,,
Ok,,SW[17],Location,PIN_Y23,Yes,,,
Ok,,HEX0[0],I/O Standard,2.5 V,Yes,,,
Ok,,HEX0[1],I/O Standard,2.5 V,Yes,,,
Ok,,HEX0[2],I/O Standard,2.5 V,Yes,,,
Ok,,HEX0[3],I/O Standard,2.5 V,Yes,,,
Ok,,HEX0[4],I/O Standard,2.5 V,Yes,,,
Ok,,HEX0[5],I/O Standard,2.5 V,Yes,,,
Ok,,HEX0[6],I/O Standard,2.5 V,Yes,,,
Ok,,HEX1[0],I/O Standard,2.5 V,Yes,,,
Ok,,HEX1[1],I/O Standard,2.5 V,Yes,,,
Ok,,HEX1[2],I/O Standard,2.5 V,Yes,,,
Ok,,HEX1[3],I/O Standard,2.5 V,Yes,,,
Ok,,HEX1[4],I/O Standard,2.5 V,Yes,,,
Ok,,HEX1[5],I/O Standard,2.5 V,Yes,,,
Ok,,HEX1[6],I/O Standard,2.5 V,Yes,,,
Ok,,HEX2[0],I/O Standard,2.5 V,Yes,,,
Ok,,HEX2[1],I/O Standard,2.5 V,Yes,,,
Ok,,HEX2[2],I/O Standard,2.5 V,Yes,,,
Ok,,HEX2[3],I/O Standard,2.5 V,Yes,,,
Ok,,HEX2[4],I/O Standard,2.5 V,Yes,,,
Ok,,HEX2[5],I/O Standard,2.5 V,Yes,,,
Ok,,HEX2[6],I/O Standard,2.5 V,Yes,,,
Ok,,HEX3[0],I/O Standard,2.5 V,Yes,,,
Ok,,HEX3[1],I/O Standard,2.5 V,Yes,,,
Ok,,HEX3[2],I/O Standard,3.3-V LVTTL,Yes,,,
Ok,,HEX3[3],I/O Standard,3.3-V LVTTL,Yes,,,
Ok,,HEX3[4],I/O Standard,3.3-V LVTTL,Yes,,,
Ok,,HEX3[5],I/O Standard,3.3-V LVTTL,Yes,,,
Ok,,HEX3[6],I/O Standard,3.3-V LVTTL,Yes,,,
Ok,,HEX4[0],I/O Standard,3.3-V LVTTL,Yes,,,
Ok,,HEX4[1],I/O Standard,3.3-V LVTTL,Yes,,,
Ok,,HEX4[2],I/O Standard,3.3-V LVTTL,Yes,,,
Ok,,HEX4[3],I/O Standard,3.3-V LVTTL,Yes,,,
Ok,,HEX4[4],I/O Standard,3.3-V LVTTL,Yes,,,
Ok,,HEX4[5],I/O Standard,3.3-V LVTTL,Yes,,,
Ok,,HEX4[6],I/O Standard,3.3-V LVTTL,Yes,,,
Ok,,HEX5[0],I/O Standard,3.3-V LVTTL,Yes,,,
Ok,,HEX5[1],I/O Standard,3.3-V LVTTL,Yes,,,
Ok,,HEX5[2],I/O Standard,3.3-V LVTTL,Yes,,,
Ok,,HEX5[3],I/O Standard,3.3-V LVTTL,Yes,,,
Ok,,HEX5[4],I/O Standard,3.3-V LVTTL,Yes,,,
Ok,,HEX5[5],I/O Standard,3.3-V LVTTL,Yes,,,
Ok,,HEX5[6],I/O Standard,3.3-V LVTTL,Yes,,,
Ok,,HEX6[0],I/O Standard,3.3-V LVTTL,Yes,,,
Ok,,HEX6[1],I/O Standard,3.3-V LVTTL,Yes,,,
Ok,,HEX6[2],I/O Standard,3.3-V LVTTL,Yes,,,
Ok,,HEX6[3],I/O Standard,3.3-V LVTTL,Yes,,,
Ok,,HEX6[4],I/O Standard,3.3-V LVTTL,Yes,,,
Ok,,HEX6[5],I/O Standard,3.3-V LVTTL,Yes,,,
Ok,,HEX6[6],I/O Standard,3.3-V LVTTL,Yes,,,
Ok,,HEX7[0],I/O Standard,3.3-V LVTTL,Yes,,,
Ok,,HEX7[1],I/O Standard,3.3-V LVTTL,Yes,,,
Ok,,HEX7[2],I/O Standard,3.3-V LVTTL,Yes,,,
Ok,,HEX7[3],I/O Standard,3.3-V LVTTL,Yes,,,
Ok,,HEX7[4],I/O Standard,3.3-V LVTTL,Yes,,,
Ok,,HEX7[5],I/O Standard,3.3-V LVTTL,Yes,,,
Ok,,HEX7[6],I/O Standard,3.3-V LVTTL,Yes,,,
Ok,,HEX0[0],Location,PIN_G18,Yes,,,
Ok,,HEX0[1],Location,PIN_F22,Yes,,,
Ok,,HEX0[2],Location,PIN_E17,Yes,,,
Ok,,HEX0[3],Location,PIN_L26,Yes,,,
Ok,,HEX0[4],Location,PIN_L25,Yes,,,
Ok,,HEX0[5],Location,PIN_J22,Yes,,,
Ok,,HEX0[6],Location,PIN_H22,Yes,,,
Ok,,HEX1[0],Location,PIN_M24,Yes,,,
Ok,,HEX1[1],Location,PIN_Y22,Yes,,,
Ok,,HEX1[2],Location,PIN_W21,Yes,,,
Ok,,HEX1[3],Location,PIN_W22,Yes,,,
Ok,,HEX1[4],Location,PIN_W25,Yes,,,
Ok,,HEX1[5],Location,PIN_U23,Yes,,,
Ok,,HEX1[6],Location,PIN_U24,Yes,,,
Ok,,HEX2[0],Location,PIN_AA25,Yes,,,
Ok,,HEX2[1],Location,PIN_AA26,Yes,,,
Ok,,HEX2[2],Location,PIN_Y25,Yes,,,
Ok,,HEX2[3],Location,PIN_W26,Yes,,,
Ok,,HEX2[4],Location,PIN_Y26,Yes,,,
Ok,,HEX2[5],Location,PIN_W27,Yes,,,
Ok,,HEX2[6],Location,PIN_W28,Yes,,,
Ok,,HEX3[0],Location,PIN_V21,Yes,,,
Ok,,HEX3[1],Location,PIN_U21,Yes,,,
Ok,,HEX3[2],Location,PIN_AB20,Yes,,,
Ok,,HEX3[3],Location,PIN_AA21,Yes,,,
Ok,,HEX3[4],Location,PIN_AD24,Yes,,,
Ok,,HEX3[5],Location,PIN_AF23,Yes,,,
Ok,,HEX3[6],Location,PIN_Y19,Yes,,,
Ok,,HEX4[0],Location,PIN_AB19,Yes,,,
Ok,,HEX4[1],Location,PIN_AA19,Yes,,,
Ok,,HEX4[2],Location,PIN_AG21,Yes,,,
Ok,,HEX4[3],Location,PIN_AH21,Yes,,,
Ok,,HEX4[4],Location,PIN_AE19,Yes,,,
Ok,,HEX4[5],Location,PIN_AF19,Yes,,,
Ok,,HEX4[6],Location,PIN_AE18,Yes,,,
Ok,,HEX5[0],Location,PIN_AD18,Yes,,,
Ok,,HEX5[1],Location,PIN_AC18,Yes,,,
Ok,,HEX5[2],Location,PIN_AB18,Yes,,,
Ok,,HEX5[3],Location,PIN_AH19,Yes,,,
Ok,,HEX5[4],Location,PIN_AG19,Yes,,,
Ok,,HEX5[5],Location,PIN_AF18,Yes,,,
Ok,,HEX5[6],Location,PIN_AH18,Yes,,,
Ok,,HEX6[0],Location,PIN_AA17,Yes,,,
Ok,,HEX6[1],Location,PIN_AB16,Yes,,,
Ok,,HEX6[2],Location,PIN_AA16,Yes,,,
Ok,,HEX6[3],Location,PIN_AB17,Yes,,,
Ok,,HEX6[4],Location,PIN_AB15,Yes,,,
Ok,,HEX6[5],Location,PIN_AA15,Yes,,,
Ok,,HEX6[6],Location,PIN_AC17,Yes,,,
Ok,,HEX7[0],Location,PIN_AD17,Yes,,,
Ok,,HEX7[1],Location,PIN_AE17,Yes,,,
Ok,,HEX7[2],Location,PIN_AG17,Yes,,,
Ok,,HEX7[3],Location,PIN_AH17,Yes,,,
Ok,,HEX7[4],Location,PIN_AF17,Yes,,,
Ok,,HEX7[5],Location,PIN_AG18,Yes,,,
Ok,,HEX7[6],Location,PIN_AA14,Yes,,,
Ok,,LCD_BLON,I/O Standard,3.3-V LVTTL,Yes,,,
Ok,,LCD_DATA[0],I/O Standard,3.3-V LVTTL,Yes,,,
Ok,,LCD_DATA[1],I/O Standard,3.3-V LVTTL,Yes,,,
Ok,,LCD_DATA[2],I/O Standard,3.3-V LVTTL,Yes,,,
Ok,,LCD_DATA[3],I/O Standard,3.3-V LVTTL,Yes,,,
Ok,,LCD_DATA[4],I/O Standard,3.3-V LVTTL,Yes,,,
Ok,,LCD_DATA[5],I/O Standard,3.3-V LVTTL,Yes,,,
Ok,,LCD_DATA[6],I/O Standard,3.3-V LVTTL,Yes,,,
Ok,,LCD_DATA[7],I/O Standard,3.3-V LVTTL,Yes,,,
Ok,,LCD_EN,I/O Standard,3.3-V LVTTL,Yes,,,
Ok,,LCD_ON,I/O Standard,3.3-V LVTTL,Yes,,,
Ok,,LCD_RS,I/O Standard,3.3-V LVTTL,Yes,,,
Ok,,LCD_RW,I/O Standard,3.3-V LVTTL,Yes,,,
Ok,,LCD_BLON,Location,PIN_L6,Yes,,,
Ok,,LCD_DATA[0],Location,PIN_L3,Yes,,,
Ok,,LCD_DATA[1],Location,PIN_L1,Yes,,,
Ok,,LCD_DATA[2],Location,PIN_L2,Yes,,,
Ok,,LCD_DATA[3],Location,PIN_K7,Yes,,,
Ok,,LCD_DATA[4],Location,PIN_K1,Yes,,,
Ok,,LCD_DATA[5],Location,PIN_K2,Yes,,,
Ok,,LCD_DATA[6],Location,PIN_M3,Yes,,,
Ok,,LCD_DATA[7],Location,PIN_M5,Yes,,,
Ok,,LCD_EN,Location,PIN_L4,Yes,,,
Ok,,LCD_ON,Location,PIN_L5,Yes,,,
Ok,,LCD_RS,Location,PIN_M2,Yes,,,
Ok,,LCD_RW,Location,PIN_M1,Yes,,,
Ok,,UART_CTS,I/O Standard,3.3-V LVTTL,Yes,,,
Ok,,UART_RTS,I/O Standard,3.3-V LVTTL,Yes,,,
Ok,,UART_RXD,I/O Standard,3.3-V LVTTL,Yes,,,
Ok,,UART_TXD,I/O Standard,3.3-V LVTTL,Yes,,,
Ok,,UART_CTS,Location,PIN_J13,Yes,,,
Ok,,UART_RTS,Location,PIN_G14,Yes,,,
Ok,,UART_RXD,Location,PIN_G12,Yes,,,
Ok,,UART_TXD,Location,PIN_G9,Yes,,,
Ok,,PS2_CLK,I/O Standard,3.3-V LVTTL,Yes,,,
Ok,,PS2_CLK2,I/O Standard,3.3-V LVTTL,Yes,,,
Ok,,PS2_DAT,I/O Standard,3.3-V LVTTL,Yes,,,
Ok,,PS2_DAT2,I/O Standard,3.3-V LVTTL,Yes,,,
Ok,,PS2_CLK,Location,PIN_G6,Yes,,,
Ok,,PS2_CLK2,Location,PIN_G5,Yes,,,
Ok,,PS2_DAT,Location,PIN_H5,Yes,,,
Ok,,PS2_DAT2,Location,PIN_F5,Yes,,,
Ok,,SD_CLK,I/O Standard,3.3-V LVTTL,Yes,,,
Ok,,SD_CMD,I/O Standard,3.3-V LVTTL,Yes,,,
Ok,,SD_DAT[0],I/O Standard,3.3-V LVTTL,Yes,,,
Ok,,SD_DAT[1],I/O Standard,3.3-V LVTTL,Yes,,,
Ok,,SD_DAT[2],I/O Standard,3.3-V LVTTL,Yes,,,
Ok,,SD_DAT[3],I/O Standard,3.3-V LVTTL,Yes,,,
Ok,,SD_WP_N,I/O Standard,3.3-V LVTTL,Yes,,,
Ok,,SD_CLK,Location,PIN_AE13,Yes,,,
Ok,,SD_CMD,Location,PIN_AD14,Yes,,,
Ok,,SD_DAT[0],Location,PIN_AE14,Yes,,,
Ok,,SD_DAT[1],Location,PIN_AF13,Yes,,,
Ok,,SD_DAT[2],Location,PIN_AB14,Yes,,,
Ok,,SD_DAT[3],Location,PIN_AC14,Yes,,,
Ok,,SD_WP_N,Location,PIN_AF14,Yes,,,
Ok,,VGA_BLANK_N,I/O Standard,3.3-V LVTTL,Yes,,,
Ok,,VGA_B[0],I/O Standard,3.3-V LVTTL,Yes,,,
Ok,,VGA_B[1],I/O Standard,3.3-V LVTTL,Yes,,,
Ok,,VGA_B[2],I/O Standard,3.3-V LVTTL,Yes,,,
Ok,,VGA_B[3],I/O Standard,3.3-V LVTTL,Yes,,,
Ok,,VGA_B[4],I/O Standard,3.3-V LVTTL,Yes,,,
Ok,,VGA_B[5],I/O Standard,3.3-V LVTTL,Yes,,,
Ok,,VGA_B[6],I/O Standard,3.3-V LVTTL,Yes,,,
Ok,,VGA_B[7],I/O Standard,3.3-V LVTTL,Yes,,,
Ok,,VGA_CLK,I/O Standard,3.3-V LVTTL,Yes,,,
Ok,,VGA_G[0],I/O Standard,3.3-V LVTTL,Yes,,,
Ok,,VGA_G[1],I/O Standard,3.3-V LVTTL,Yes,,,
Ok,,VGA_G[2],I/O Standard,3.3-V LVTTL,Yes,,,
Ok,,VGA_G[3],I/O Standard,3.3-V LVTTL,Yes,,,
Ok,,VGA_G[4],I/O Standard,3.3-V LVTTL,Yes,,,
Ok,,VGA_G[5],I/O Standard,3.3-V LVTTL,Yes,,,
Ok,,VGA_G[6],I/O Standard,3.3-V LVTTL,Yes,,,
Ok,,VGA_G[7],I/O Standard,3.3-V LVTTL,Yes,,,
Ok,,VGA_HS,I/O Standard,3.3-V LVTTL,Yes,,,
Ok,,VGA_R[0],I/O Standard,3.3-V LVTTL,Yes,,,
Ok,,VGA_R[1],I/O Standard,3.3-V LVTTL,Yes,,,
Ok,,VGA_R[2],I/O Standard,3.3-V LVTTL,Yes,,,
Ok,,VGA_R[3],I/O Standard,3.3-V LVTTL,Yes,,,
Ok,,VGA_R[4],I/O Standard,3.3-V LVTTL,Yes,,,
Ok,,VGA_R[5],I/O Standard,3.3-V LVTTL,Yes,,,
Ok,,VGA_R[6],I/O Standard,3.3-V LVTTL,Yes,,,
Ok,,VGA_R[7],I/O Standard,3.3-V LVTTL,Yes,,,
Ok,,VGA_SYNC_N,I/O Standard,3.3-V LVTTL,Yes,,,
Ok,,VGA_VS,I/O Standard,3.3-V LVTTL,Yes,,,
Ok,,VGA_BLANK_N,Location,PIN_F11,Yes,,,
Ok,,VGA_B[0],Location,PIN_B10,Yes,,,
Ok,,VGA_B[1],Location,PIN_A10,Yes,,,
Ok,,VGA_B[2],Location,PIN_C11,Yes,,,
Ok,,VGA_B[3],Location,PIN_B11,Yes,,,
Ok,,VGA_B[4],Location,PIN_A11,Yes,,,
Ok,,VGA_B[5],Location,PIN_C12,Yes,,,
Ok,,VGA_B[6],Location,PIN_D11,Yes,,,
Ok,,VGA_B[7],Location,PIN_D12,Yes,,,
Ok,,VGA_CLK,Location,PIN_A12,Yes,,,
Ok,,VGA_G[0],Location,PIN_G8,Yes,,,
Ok,,VGA_G[1],Location,PIN_G11,Yes,,,
Ok,,VGA_G[2],Location,PIN_F8,Yes,,,
Ok,,VGA_G[3],Location,PIN_H12,Yes,,,
Ok,,VGA_G[4],Location,PIN_C8,Yes,,,
Ok,,VGA_G[5],Location,PIN_B8,Yes,,,
Ok,,VGA_G[6],Location,PIN_F10,Yes,,,
Ok,,VGA_G[7],Location,PIN_C9,Yes,,,
Ok,,VGA_HS,Location,PIN_G13,Yes,,,
Ok,,VGA_R[0],Location,PIN_E12,Yes,,,
Ok,,VGA_R[1],Location,PIN_E11,Yes,,,
Ok,,VGA_R[2],Location,PIN_D10,Yes,,,
Ok,,VGA_R[3],Location,PIN_F12,Yes,,,
Ok,,VGA_R[4],Location,PIN_G10,Yes,,,
Ok,,VGA_R[5],Location,PIN_J12,Yes,,,
Ok,,VGA_R[6],Location,PIN_H8,Yes,,,
Ok,,VGA_R[7],Location,PIN_H10,Yes,,,
Ok,,VGA_SYNC_N,Location,PIN_C10,Yes,,,
Ok,,VGA_VS,Location,PIN_C13,Yes,,,
Ok,,EEP_I2C_SCLK,I/O Standard,3.3-V LVTTL,Yes,,,
Ok,,EEP_I2C_SDAT,I/O Standard,3.3-V LVTTL,Yes,,,
Ok,,EEP_I2C_SCLK,Location,PIN_D14,Yes,,,
Ok,,EEP_I2C_SDAT,Location,PIN_E14,Yes,,,
Ok,,I2C_SCLK,I/O Standard,3.3-V LVTTL,Yes,,,
Ok,,I2C_SDAT,I/O Standard,3.3-V LVTTL,Yes,,,
Ok,,I2C_SCLK,Location,PIN_B7,Yes,,,
Ok,,I2C_SDAT,Location,PIN_A8,Yes,,,
Ok,,ENET1_GTX_CLK,I/O Standard,2.5 V,Yes,,,
Ok,,ENET1_INT_N,I/O Standard,2.5 V,Yes,,,
Ok,,ENET1_LINK100,I/O Standard,3.3-V LVTTL,Yes,,,
Ok,,ENET1_MDC,I/O Standard,2.5 V,Yes,,,
Ok,,ENET1_MDIO,I/O Standard,2.5 V,Yes,,,
Ok,,ENET1_RST_N,I/O Standard,2.5 V,Yes,,,
Ok,,ENET1_RX_CLK,I/O Standard,2.5 V,Yes,,,
Ok,,ENET1_RX_COL,I/O Standard,2.5 V,Yes,,,
Ok,,ENET1_RX_CRS,I/O Standard,2.5 V,Yes,,,
Ok,,ENET1_RX_DATA[0],I/O Standard,2.5 V,Yes,,,
Ok,,ENET1_RX_DATA[1],I/O Standard,2.5 V,Yes,,,
Ok,,ENET1_RX_DATA[2],I/O Standard,2.5 V,Yes,,,
Ok,,ENET1_RX_DATA[3],I/O Standard,2.5 V,Yes,,,
Ok,,ENET1_RX_DV,I/O Standard,2.5 V,Yes,,,
Ok,,ENET1_RX_ER,I/O Standard,2.5 V,Yes,,,
Ok,,ENET1_TX_CLK,I/O Standard,2.5 V,Yes,,,
Ok,,ENET1_TX_DATA[0],I/O Standard,2.5 V,Yes,,,
Ok,,ENET1_TX_DATA[1],I/O Standard,2.5 V,Yes,,,
Ok,,ENET1_TX_DATA[2],I/O Standard,2.5 V,Yes,,,
Ok,,ENET1_TX_DATA[3],I/O Standard,2.5 V,Yes,,,
Ok,,ENET1_TX_EN,I/O Standard,2.5 V,Yes,,,
Ok,,ENET1_TX_ER,I/O Standard,2.5 V,Yes,,,
Ok,,ENETCLK_25,I/O Standard,3.3-V LVTTL,Yes,,,
Ok,,ENET1_GTX_CLK,Location,PIN_C23,Yes,,,
Ok,,ENET1_INT_N,Location,PIN_D24,Yes,,,
Ok,,ENET1_LINK100,Location,PIN_D13,Yes,,,
Ok,,ENET1_MDC,Location,PIN_D23,Yes,,,
Ok,,ENET1_MDIO,Location,PIN_D25,Yes,,,
Ok,,ENET1_RST_N,Location,PIN_D22,Yes,,,
Ok,,ENET1_RX_CLK,Location,PIN_B15,Yes,,,
Ok,,ENET1_RX_COL,Location,PIN_B22,Yes,,,
Ok,,ENET1_RX_CRS,Location,PIN_D20,Yes,,,
Ok,,ENET1_RX_DATA[0],Location,PIN_B23,Yes,,,
Ok,,ENET1_RX_DATA[1],Location,PIN_C21,Yes,,,
Ok,,ENET1_RX_DATA[2],Location,PIN_A23,Yes,,,
Ok,,ENET1_RX_DATA[3],Location,PIN_D21,Yes,,,
Ok,,ENET1_RX_DV,Location,PIN_A22,Yes,,,
Ok,,ENET1_RX_ER,Location,PIN_C24,Yes,,,
Ok,,ENET1_TX_CLK,Location,PIN_C22,Yes,,,
Ok,,ENET1_TX_DATA[0],Location,PIN_C25,Yes,,,
Ok,,ENET1_TX_DATA[1],Location,PIN_A26,Yes,,,
Ok,,ENET1_TX_DATA[2],Location,PIN_B26,Yes,,,
Ok,,ENET1_TX_DATA[3],Location,PIN_C26,Yes,,,
Ok,,ENET1_TX_EN,Location,PIN_B25,Yes,,,
Ok,,ENET1_TX_ER,Location,PIN_A25,Yes,,,
Ok,,ENETCLK_25,Location,PIN_A14,Yes,,,
Ok,,TD_CLK27,I/O Standard,3.3-V LVTTL,Yes,,,
Ok,,TD_DATA[0],I/O Standard,3.3-V LVTTL,Yes,,,
Ok,,TD_DATA[1],I/O Standard,3.3-V LVTTL,Yes,,,
Ok,,TD_DATA[2],I/O Standard,3.3-V LVTTL,Yes,,,
Ok,,TD_DATA[3],I/O Standard,3.3-V LVTTL,Yes,,,
Ok,,TD_DATA[4],I/O Standard,3.3-V LVTTL,Yes,,,
Ok,,TD_DATA[5],I/O Standard,3.3-V LVTTL,Yes,,,
Ok,,TD_DATA[6],I/O Standard,3.3-V LVTTL,Yes,,,
Ok,,TD_DATA[7],I/O Standard,3.3-V LVTTL,Yes,,,
Ok,,TD_HS,I/O Standard,3.3-V LVTTL,Yes,,,
Ok,,TD_RESET_N,I/O Standard,3.3-V LVTTL,Yes,,,
Ok,,TD_VS,I/O Standard,3.3-V LVTTL,Yes,,,
Ok,,TD_CLK27,Location,PIN_B14,Yes,,,
Ok,,TD_DATA[0],Location,PIN_E8,Yes,,,
Ok,,TD_DATA[1],Location,PIN_A7,Yes,,,
Ok,,TD_DATA[2],Location,PIN_D8,Yes,,,
Ok,,TD_DATA[3],Location,PIN_C7,Yes,,,
Ok,,TD_DATA[4],Location,PIN_D7,Yes,,,
Ok,,TD_DATA[5],Location,PIN_D6,Yes,,,
Ok,,TD_DATA[6],Location,PIN_E7,Yes,,,
Ok,,TD_DATA[7],Location,PIN_F7,Yes,,,
Ok,,TD_HS,Location,PIN_E5,Yes,,,
Ok,,TD_RESET_N,Location,PIN_G7,Yes,,,
Ok,,TD_VS,Location,PIN_E4,Yes,,,
Ok,,OTG_ADDR[0],I/O Standard,3.3-V LVTTL,Yes,,,
Ok,,OTG_ADDR[1],I/O Standard,3.3-V LVTTL,Yes,,,
Ok,,OTG_CS_N,I/O Standard,3.3-V LVTTL,Yes,,,
Ok,,OTG_DATA[0],I/O Standard,3.3-V LVTTL,Yes,,,
Ok,,OTG_DATA[1],I/O Standard,3.3-V LVTTL,Yes,,,
Ok,,OTG_DATA[2],I/O Standard,3.3-V LVTTL,Yes,,,
Ok,,OTG_DATA[3],I/O Standard,3.3-V LVTTL,Yes,,,
Ok,,OTG_DATA[4],I/O Standard,3.3-V LVTTL,Yes,,,
Ok,,OTG_DATA[5],I/O Standard,3.3-V LVTTL,Yes,,,
Ok,,OTG_DATA[6],I/O Standard,3.3-V LVTTL,Yes,,,
Ok,,OTG_DATA[7],I/O Standard,3.3-V LVTTL,Yes,,,
Ok,,OTG_DATA[8],I/O Standard,3.3-V LVTTL,Yes,,,
Ok,,OTG_DATA[9],I/O Standard,3.3-V LVTTL,Yes,,,
Ok,,OTG_DATA[10],I/O Standard,3.3-V LVTTL,Yes,,,
Ok,,OTG_DATA[11],I/O Standard,3.3-V LVTTL,Yes,,,
Ok,,OTG_DATA[12],I/O Standard,3.3-V LVTTL,Yes,,,
Ok,,OTG_DATA[13],I/O Standard,3.3-V LVTTL,Yes,,,
Ok,,OTG_DATA[14],I/O Standard,3.3-V LVTTL,Yes,,,
Ok,,OTG_DATA[15],I/O Standard,3.3-V LVTTL,Yes,,,
Ok,,OTG_INT,I/O Standard,3.3-V LVTTL,Yes,,,
Ok,,OTG_RD_N,I/O Standard,3.3-V LVTTL,Yes,,,
Ok,,OTG_RST_N,I/O Standard,3.3-V LVTTL,Yes,,,
Ok,,OTG_WE_N,I/O Standard,3.3-V LVTTL,Yes,,,
Ok,,OTG_ADDR[0],Location,PIN_H7,Yes,,,
Ok,,OTG_ADDR[1],Location,PIN_C3,Yes,,,
Ok,,OTG_CS_N,Location,PIN_A3,Yes,,,
Ok,,OTG_DATA[0],Location,PIN_J6,Yes,,,
Ok,,OTG_DATA[1],Location,PIN_K4,Yes,,,
Ok,,OTG_DATA[2],Location,PIN_J5,Yes,,,
Ok,,OTG_DATA[3],Location,PIN_K3,Yes,,,
Ok,,OTG_DATA[4],Location,PIN_J4,Yes,,,
Ok,,OTG_DATA[5],Location,PIN_J3,Yes,,,
Ok,,OTG_DATA[6],Location,PIN_J7,Yes,,,
Ok,,OTG_DATA[7],Location,PIN_H6,Yes,,,
Ok,,OTG_DATA[8],Location,PIN_H3,Yes,,,
Ok,,OTG_DATA[9],Location,PIN_H4,Yes,,,
Ok,,OTG_DATA[10],Location,PIN_G1,Yes,,,
Ok,,OTG_DATA[11],Location,PIN_G2,Yes,,,
Ok,,OTG_DATA[12],Location,PIN_G3,Yes,,,
Ok,,OTG_DATA[13],Location,PIN_F1,Yes,,,
Ok,,OTG_DATA[14],Location,PIN_F3,Yes,,,
Ok,,OTG_DATA[15],Location,PIN_G4,Yes,,,
Ok,,OTG_INT,Location,PIN_D5,Yes,,,
Ok,,OTG_RD_N,Location,PIN_B3,Yes,,,
Ok,,OTG_RST_N,Location,PIN_C5,Yes,,,
Ok,,OTG_WE_N,Location,PIN_A4,Yes,,,
Ok,,IRDA_RXD,I/O Standard,3.3-V LVTTL,Yes,,,
Ok,,IRDA_RXD,Location,PIN_Y15,Yes,,,
Ok,,DRAM_ADDR[0],I/O Standard,3.3-V LVTTL,Yes,,,
Ok,,DRAM_ADDR[1],I/O Standard,3.3-V LVTTL,Yes,,,
Ok,,DRAM_ADDR[2],I/O Standard,3.3-V LVTTL,Yes,,,
Ok,,DRAM_ADDR[3],I/O Standard,3.3-V LVTTL,Yes,,,
Ok,,DRAM_ADDR[4],I/O Standard,3.3-V LVTTL,Yes,,,
Ok,,DRAM_ADDR[5],I/O Standard,3.3-V LVTTL,Yes,,,
Ok,,DRAM_ADDR[6],I/O Standard,3.3-V LVTTL,Yes,,,
Ok,,DRAM_ADDR[7],I/O Standard,3.3-V LVTTL,Yes,,,
Ok,,DRAM_ADDR[8],I/O Standard,3.3-V LVTTL,Yes,,,
Ok,,DRAM_ADDR[9],I/O Standard,3.3-V LVTTL,Yes,,,
Ok,,DRAM_ADDR[10],I/O Standard,3.3-V LVTTL,Yes,,,
Ok,,DRAM_ADDR[11],I/O Standard,3.3-V LVTTL,Yes,,,
Ok,,DRAM_ADDR[12],I/O Standard,3.3-V LVTTL,Yes,,,
Ok,,DRAM_BA[0],I/O Standard,3.3-V LVTTL,Yes,,,
Ok,,DRAM_BA[1],I/O Standard,3.3-V LVTTL,Yes,,,
Ok,,DRAM_CAS_N,I/O Standard,3.3-V LVTTL,Yes,,,
Ok,,DRAM_CKE,I/O Standard,3.3-V LVTTL,Yes,,,
Ok,,DRAM_CLK,I/O Standard,3.3-V LVTTL,Yes,,,
Ok,,DRAM_CS_N,I/O Standard,3.3-V LVTTL,Yes,,,
Ok,,DRAM_DQ[0],I/O Standard,3.3-V LVTTL,Yes,,,
Ok,,DRAM_DQ[1],I/O Standard,3.3-V LVTTL,Yes,,,
Ok,,DRAM_DQ[2],I/O Standard,3.3-V LVTTL,Yes,,,
Ok,,DRAM_DQ[3],I/O Standard,3.3-V LVTTL,Yes,,,
Ok,,DRAM_DQ[4],I/O Standard,3.3-V LVTTL,Yes,,,
Ok,,DRAM_DQ[5],I/O Standard,3.3-V LVTTL,Yes,,,
Ok,,DRAM_DQ[6],I/O Standard,3.3-V LVTTL,Yes,,,
Ok,,DRAM_DQ[7],I/O Standard,3.3-V LVTTL,Yes,,,
Ok,,DRAM_DQ[8],I/O Standard,3.3-V LVTTL,Yes,,,
Ok,,DRAM_DQ[9],I/O Standard,3.3-V LVTTL,Yes,,,
Ok,,DRAM_DQ[10],I/O Standard,3.3-V LVTTL,Yes,,,
Ok,,DRAM_DQ[11],I/O Standard,3.3-V LVTTL,Yes,,,
Ok,,DRAM_DQ[12],I/O Standard,3.3-V LVTTL,Yes,,,
Ok,,DRAM_DQ[13],I/O Standard,3.3-V LVTTL,Yes,,,
Ok,,DRAM_DQ[14],I/O Standard,3.3-V LVTTL,Yes,,,
Ok,,DRAM_DQ[15],I/O Standard,3.3-V LVTTL,Yes,,,
Ok,,DRAM_DQ[16],I/O Standard,3.3-V LVTTL,Yes,,,
Ok,,DRAM_DQ[17],I/O Standard,3.3-V LVTTL,Yes,,,
Ok,,DRAM_DQ[18],I/O Standard,3.3-V LVTTL,Yes,,,
Ok,,DRAM_DQ[19],I/O Standard,3.3-V LVTTL,Yes,,,
Ok,,DRAM_DQ[20],I/O Standard,3.3-V LVTTL,Yes,,,
Ok,,DRAM_DQ[21],I/O Standard,3.3-V LVTTL,Yes,,,
Ok,,DRAM_DQ[22],I/O Standard,3.3-V LVTTL,Yes,,,
Ok,,DRAM_DQ[23],I/O Standard,3.3-V LVTTL,Yes,,,
Ok,,DRAM_DQ[24],I/O Standard,3.3-V LVTTL,Yes,,,
Ok,,DRAM_DQ[25],I/O Standard,3.3-V LVTTL,Yes,,,
Ok,,DRAM_DQ[26],I/O Standard,3.3-V LVTTL,Yes,,,
Ok,,DRAM_DQ[27],I/O Standard,3.3-V LVTTL,Yes,,,
Ok,,DRAM_DQ[28],I/O Standard,3.3-V LVTTL,Yes,,,
Ok,,DRAM_DQ[29],I/O Standard,3.3-V LVTTL,Yes,,,
Ok,,DRAM_DQ[30],I/O Standard,3.3-V LVTTL,Yes,,,
Ok,,DRAM_DQ[31],I/O Standard,3.3-V LVTTL,Yes,,,
Ok,,DRAM_DQM[0],I/O Standard,3.3-V LVTTL,Yes,,,
Ok,,DRAM_DQM[1],I/O Standard,3.3-V LVTTL,Yes,,,
Ok,,DRAM_DQM[2],I/O Standard,3.3-V LVTTL,Yes,,,
Ok,,DRAM_DQM[3],I/O Standard,3.3-V LVTTL,Yes,,,
Ok,,DRAM_RAS_N,I/O Standard,3.3-V LVTTL,Yes,,,
Ok,,DRAM_WE_N,I/O Standard,3.3-V LVTTL,Yes,,,
Ok,,DRAM_ADDR[0],Location,PIN_R6,Yes,,,
Ok,,DRAM_ADDR[1],Location,PIN_V8,Yes,,,
Ok,,DRAM_ADDR[2],Location,PIN_U8,Yes,,,
Ok,,DRAM_ADDR[3],Location,PIN_P1,Yes,,,
Ok,,DRAM_ADDR[4],Location,PIN_V5,Yes,,,
Ok,,DRAM_ADDR[5],Location,PIN_W8,Yes,,,
Ok,,DRAM_ADDR[6],Location,PIN_W7,Yes,,,
Ok,,DRAM_ADDR[7],Location,PIN_AA7,Yes,,,
Ok,,DRAM_ADDR[8],Location,PIN_Y5,Yes,,,
Ok,,DRAM_ADDR[9],Location,PIN_Y6,Yes,,,
Ok,,DRAM_ADDR[10],Location,PIN_R5,Yes,,,
Ok,,DRAM_ADDR[11],Location,PIN_AA5,Yes,,,
Ok,,DRAM_ADDR[12],Location,PIN_Y7,Yes,,,
Ok,,DRAM_BA[0],Location,PIN_U7,Yes,,,
Ok,,DRAM_BA[1],Location,PIN_R4,Yes,,,
Ok,,DRAM_CAS_N,Location,PIN_V7,Yes,,,
Ok,,DRAM_CKE,Location,PIN_AA6,Yes,,,
Ok,,DRAM_CLK,Location,PIN_AE5,Yes,,,
Ok,,DRAM_CS_N,Location,PIN_T4,Yes,,,
Ok,,DRAM_DQ[0],Location,PIN_W3,Yes,,,
Ok,,DRAM_DQ[1],Location,PIN_W2,Yes,,,
Ok,,DRAM_DQ[2],Location,PIN_V4,Yes,,,
Ok,,DRAM_DQ[3],Location,PIN_W1,Yes,,,
Ok,,DRAM_DQ[4],Location,PIN_V3,Yes,,,
Ok,,DRAM_DQ[5],Location,PIN_V2,Yes,,,
Ok,,DRAM_DQ[6],Location,PIN_V1,Yes,,,
Ok,,DRAM_DQ[7],Location,PIN_U3,Yes,,,
Ok,,DRAM_DQ[8],Location,PIN_Y3,Yes,,,
Ok,,DRAM_DQ[9],Location,PIN_Y4,Yes,,,
Ok,,DRAM_DQ[10],Location,PIN_AB1,Yes,,,
Ok,,DRAM_DQ[11],Location,PIN_AA3,Yes,,,
Ok,,DRAM_DQ[12],Location,PIN_AB2,Yes,,,
Ok,,DRAM_DQ[13],Location,PIN_AC1,Yes,,,
Ok,,DRAM_DQ[14],Location,PIN_AB3,Yes,,,
Ok,,DRAM_DQ[15],Location,PIN_AC2,Yes,,,
Ok,,DRAM_DQ[16],Location,PIN_M8,Yes,,,
Ok,,DRAM_DQ[17],Location,PIN_L8,Yes,,,
Ok,,DRAM_DQ[18],Location,PIN_P2,Yes,,,
Ok,,DRAM_DQ[19],Location,PIN_N3,Yes,,,
Ok,,DRAM_DQ[20],Location,PIN_N4,Yes,,,
Ok,,DRAM_DQ[21],Location,PIN_M4,Yes,,,
Ok,,DRAM_DQ[22],Location,PIN_M7,Yes,,,
Ok,,DRAM_DQ[23],Location,PIN_L7,Yes,,,
Ok,,DRAM_DQ[24],Location,PIN_U5,Yes,,,
Ok,,DRAM_DQ[25],Location,PIN_R7,Yes,,,
Ok,,DRAM_DQ[26],Location,PIN_R1,Yes,,,
Ok,,DRAM_DQ[27],Location,PIN_R2,Yes,,,
Ok,,DRAM_DQ[28],Location,PIN_R3,Yes,,,
Ok,,DRAM_DQ[29],Location,PIN_T3,Yes,,,
Ok,,DRAM_DQ[30],Location,PIN_U4,Yes,,,
Ok,,DRAM_DQ[31],Location,PIN_U1,Yes,,,
Ok,,DRAM_DQM[0],Location,PIN_U2,Yes,,,
Ok,,DRAM_DQM[1],Location,PIN_W4,Yes,,,
Ok,,DRAM_DQM[2],Location,PIN_K8,Yes,,,
Ok,,DRAM_DQM[3],Location,PIN_N8,Yes,,,
Ok,,DRAM_RAS_N,Location,PIN_U6,Yes,,,
Ok,,DRAM_WE_N,Location,PIN_V6,Yes,,,
Ok,,SRAM_ADDR[0],I/O Standard,3.3-V LVTTL,Yes,,,
Ok,,SRAM_ADDR[1],I/O Standard,3.3-V LVTTL,Yes,,,
Ok,,SRAM_ADDR[2],I/O Standard,3.3-V LVTTL,Yes,,,
Ok,,SRAM_ADDR[3],I/O Standard,3.3-V LVTTL,Yes,,,
Ok,,SRAM_ADDR[4],I/O Standard,3.3-V LVTTL,Yes,,,
Ok,,SRAM_ADDR[5],I/O Standard,3.3-V LVTTL,Yes,,,
Ok,,SRAM_ADDR[6],I/O Standard,3.3-V LVTTL,Yes,,,
Ok,,SRAM_ADDR[7],I/O Standard,3.3-V LVTTL,Yes,,,
Ok,,SRAM_ADDR[8],I/O Standard,3.3-V LVTTL,Yes,,,
Ok,,SRAM_ADDR[9],I/O Standard,3.3-V LVTTL,Yes,,,
Ok,,SRAM_ADDR[10],I/O Standard,3.3-V LVTTL,Yes,,,
Ok,,SRAM_ADDR[11],I/O Standard,3.3-V LVTTL,Yes,,,
Ok,,SRAM_ADDR[12],I/O Standard,3.3-V LVTTL,Yes,,,
Ok,,SRAM_ADDR[13],I/O Standard,3.3-V LVTTL,Yes,,,
Ok,,SRAM_ADDR[14],I/O Standard,3.3-V LVTTL,Yes,,,
Ok,,SRAM_ADDR[15],I/O Standard,3.3-V LVTTL,Yes,,,
Ok,,SRAM_ADDR[16],I/O Standard,3.3-V LVTTL,Yes,,,
Ok,,SRAM_ADDR[17],I/O Standard,3.3-V LVTTL,Yes,,,
Ok,,SRAM_ADDR[18],I/O Standard,3.3-V LVTTL,Yes,,,
Ok,,SRAM_ADDR[19],I/O Standard,3.3-V LVTTL,Yes,,,
Ok,,SRAM_CE_N,I/O Standard,3.3-V LVTTL,Yes,,,
Ok,,SRAM_DQ[0],I/O Standard,3.3-V LVTTL,Yes,,,
Ok,,SRAM_DQ[1],I/O Standard,3.3-V LVTTL,Yes,,,
Ok,,SRAM_DQ[2],I/O Standard,3.3-V LVTTL,Yes,,,
Ok,,SRAM_DQ[3],I/O Standard,3.3-V LVTTL,Yes,,,
Ok,,SRAM_DQ[4],I/O Standard,3.3-V LVTTL,Yes,,,
Ok,,SRAM_DQ[5],I/O Standard,3.3-V LVTTL,Yes,,,
Ok,,SRAM_DQ[6],I/O Standard,3.3-V LVTTL,Yes,,,
Ok,,SRAM_DQ[7],I/O Standard,3.3-V LVTTL,Yes,,,
Ok,,SRAM_DQ[8],I/O Standard,3.3-V LVTTL,Yes,,,
Ok,,SRAM_DQ[9],I/O Standard,3.3-V LVTTL,Yes,,,
Ok,,SRAM_DQ[10],I/O Standard,3.3-V LVTTL,Yes,,,
Ok,,SRAM_DQ[11],I/O Standard,3.3-V LVTTL,Yes,,,
Ok,,SRAM_DQ[12],I/O Standard,3.3-V LVTTL,Yes,,,
Ok,,SRAM_DQ[13],I/O Standard,3.3-V LVTTL,Yes,,,
Ok,,SRAM_DQ[14],I/O Standard,3.3-V LVTTL,Yes,,,
Ok,,SRAM_DQ[15],I/O Standard,3.3-V LVTTL,Yes,,,
Ok,,SRAM_LB_N,I/O Standard,3.3-V LVTTL,Yes,,,
Ok,,SRAM_OE_N,I/O Standard,3.3-V LVTTL,Yes,,,
Ok,,SRAM_UB_N,I/O Standard,3.3-V LVTTL,Yes,,,
Ok,,SRAM_WE_N,I/O Standard,3.3-V LVTTL,Yes,,,
Ok,,SRAM_ADDR[0],Location,PIN_AB7,Yes,,,
Ok,,SRAM_ADDR[1],Location,PIN_AD7,Yes,,,
Ok,,SRAM_ADDR[2],Location,PIN_AE7,Yes,,,
Ok,,SRAM_ADDR[3],Location,PIN_AC7,Yes,,,
Ok,,SRAM_ADDR[4],Location,PIN_AB6,Yes,,,
Ok,,SRAM_ADDR[5],Location,PIN_AE6,Yes,,,
Ok,,SRAM_ADDR[6],Location,PIN_AB5,Yes,,,
Ok,,SRAM_ADDR[7],Location,PIN_AC5,Yes,,,
Ok,,SRAM_ADDR[8],Location,PIN_AF5,Yes,,,
Ok,,SRAM_ADDR[9],Location,PIN_T7,Yes,,,
Ok,,SRAM_ADDR[10],Location,PIN_AF2,Yes,,,
Ok,,SRAM_ADDR[11],Location,PIN_AD3,Yes,,,
Ok,,SRAM_ADDR[12],Location,PIN_AB4,Yes,,,
Ok,,SRAM_ADDR[13],Location,PIN_AC3,Yes,,,
Ok,,SRAM_ADDR[14],Location,PIN_AA4,Yes,,,
Ok,,SRAM_ADDR[15],Location,PIN_AB11,Yes,,,
Ok,,SRAM_ADDR[16],Location,PIN_AC11,Yes,,,
Ok,,SRAM_ADDR[17],Location,PIN_AB9,Yes,,,
Ok,,SRAM_ADDR[18],Location,PIN_AB8,Yes,,,
Ok,,SRAM_ADDR[19],Location,PIN_T8,Yes,,,
Ok,,SRAM_CE_N,Location,PIN_AF8,Yes,,,
Ok,,SRAM_DQ[0],Location,PIN_AH3,Yes,,,
Ok,,SRAM_DQ[1],Location,PIN_AF4,Yes,,,
Ok,,SRAM_DQ[2],Location,PIN_AG4,Yes,,,
Ok,,SRAM_DQ[3],Location,PIN_AH4,Yes,,,
Ok,,SRAM_DQ[4],Location,PIN_AF6,Yes,,,
Ok,,SRAM_DQ[5],Location,PIN_AG6,Yes,,,
Ok,,SRAM_DQ[6],Location,PIN_AH6,Yes,,,
Ok,,SRAM_DQ[7],Location,PIN_AF7,Yes,,,
Ok,,SRAM_DQ[8],Location,PIN_AD1,Yes,,,
Ok,,SRAM_DQ[9],Location,PIN_AD2,Yes,,,
Ok,,SRAM_DQ[10],Location,PIN_AE2,Yes,,,
Ok,,SRAM_DQ[11],Location,PIN_AE1,Yes,,,
Ok,,SRAM_DQ[12],Location,PIN_AE3,Yes,,,
Ok,,SRAM_DQ[13],Location,PIN_AE4,Yes,,,
Ok,,SRAM_DQ[14],Location,PIN_AF3,Yes,,,
Ok,,SRAM_DQ[15],Location,PIN_AG3,Yes,,,
Ok,,SRAM_LB_N,Location,PIN_AD4,Yes,,,
Ok,,SRAM_OE_N,Location,PIN_AD5,Yes,,,
Ok,,SRAM_UB_N,Location,PIN_AC4,Yes,,,
Ok,,SRAM_WE_N,Location,PIN_AE8,Yes,,,
Ok,,FL_ADDR[0],I/O Standard,3.3-V LVTTL,Yes,,,
Ok,,FL_ADDR[1],I/O Standard,3.3-V LVTTL,Yes,,,
Ok,,FL_ADDR[2],I/O Standard,3.3-V LVTTL,Yes,,,
Ok,,FL_ADDR[3],I/O Standard,3.3-V LVTTL,Yes,,,
Ok,,FL_ADDR[4],I/O Standard,3.3-V LVTTL,Yes,,,
Ok,,FL_ADDR[5],I/O Standard,3.3-V LVTTL,Yes,,,
Ok,,FL_ADDR[6],I/O Standard,3.3-V LVTTL,Yes,,,
Ok,,FL_ADDR[7],I/O Standard,3.3-V LVTTL,Yes,,,
Ok,,FL_ADDR[8],I/O Standard,3.3-V LVTTL,Yes,,,
Ok,,FL_ADDR[9],I/O Standard,3.3-V LVTTL,Yes,,,
Ok,,FL_ADDR[10],I/O Standard,3.3-V LVTTL,Yes,,,
Ok,,FL_ADDR[11],I/O Standard,3.3-V LVTTL,Yes,,,
Ok,,FL_ADDR[12],I/O Standard,3.3-V LVTTL,Yes,,,
Ok,,FL_ADDR[13],I/O Standard,3.3-V LVTTL,Yes,,,
Ok,,FL_ADDR[14],I/O Standard,3.3-V LVTTL,Yes,,,
Ok,,FL_ADDR[15],I/O Standard,3.3-V LVTTL,Yes,,,
Ok,,FL_ADDR[16],I/O Standard,3.3-V LVTTL,Yes,,,
Ok,,FL_ADDR[17],I/O Standard,3.3-V LVTTL,Yes,,,
Ok,,FL_ADDR[18],I/O Standard,3.3-V LVTTL,Yes,,,
Ok,,FL_ADDR[19],I/O Standard,3.3-V LVTTL,Yes,,,
Ok,,FL_ADDR[20],I/O Standard,3.3-V LVTTL,Yes,,,
Ok,,FL_ADDR[21],I/O Standard,3.3-V LVTTL,Yes,,,
Ok,,FL_ADDR[22],I/O Standard,3.3-V LVTTL,Yes,,,
Ok,,FL_CE_N,I/O Standard,3.3-V LVTTL,Yes,,,
Ok,,FL_DQ[0],I/O Standard,3.3-V LVTTL,Yes,,,
Ok,,FL_DQ[1],I/O Standard,3.3-V LVTTL,Yes,,,
Ok,,FL_DQ[2],I/O Standard,3.3-V LVTTL,Yes,,,
Ok,,FL_DQ[3],I/O Standard,3.3-V LVTTL,Yes,,,
Ok,,FL_DQ[4],I/O Standard,3.3-V LVTTL,Yes,,,
Ok,,FL_DQ[5],I/O Standard,3.3-V LVTTL,Yes,,,
Ok,,FL_DQ[6],I/O Standard,3.3-V LVTTL,Yes,,,
Ok,,FL_DQ[7],I/O Standard,3.3-V LVTTL,Yes,,,
Ok,,FL_OE_N,I/O Standard,3.3-V LVTTL,Yes,,,
Ok,,FL_RST_N,I/O Standard,3.3-V LVTTL,Yes,,,
Ok,,FL_RY,I/O Standard,3.3-V LVTTL,Yes,,,
Ok,,FL_WE_N,I/O Standard,3.3-V LVTTL,Yes,,,
Ok,,FL_WP_N,I/O Standard,3.3-V LVTTL,Yes,,,
Ok,,FL_ADDR[0],Location,PIN_AG12,Yes,,,
Ok,,FL_ADDR[1],Location,PIN_AH7,Yes,,,
Ok,,FL_ADDR[2],Location,PIN_Y13,Yes,,,
Ok,,FL_ADDR[3],Location,PIN_Y14,Yes,,,
Ok,,FL_ADDR[4],Location,PIN_Y12,Yes,,,
Ok,,FL_ADDR[5],Location,PIN_AA13,Yes,,,
Ok,,FL_ADDR[6],Location,PIN_AA12,Yes,,,
Ok,,FL_ADDR[7],Location,PIN_AB13,Yes,,,
Ok,,FL_ADDR[8],Location,PIN_AB12,Yes,,,
Ok,,FL_ADDR[9],Location,PIN_AB10,Yes,,,
Ok,,FL_ADDR[10],Location,PIN_AE9,Yes,,,
Ok,,FL_ADDR[11],Location,PIN_AF9,Yes,,,
Ok,,FL_ADDR[12],Location,PIN_AA10,Yes,,,
Ok,,FL_ADDR[13],Location,PIN_AD8,Yes,,,
Ok,,FL_ADDR[14],Location,PIN_AC8,Yes,,,
Ok,,FL_ADDR[15],Location,PIN_Y10,Yes,,,
Ok,,FL_ADDR[16],Location,PIN_AA8,Yes,,,
Ok,,FL_ADDR[17],Location,PIN_AH12,Yes,,,
Ok,,FL_ADDR[18],Location,PIN_AC12,Yes,,,
Ok,,FL_ADDR[19],Location,PIN_AD12,Yes,,,
Ok,,FL_ADDR[20],Location,PIN_AE10,Yes,,,
Ok,,FL_ADDR[21],Location,PIN_AD10,Yes,,,
Ok,,FL_ADDR[22],Location,PIN_AD11,Yes,,,
Ok,,FL_CE_N,Location,PIN_AG7,Yes,,,
Ok,,FL_DQ[0],Location,PIN_AH8,Yes,,,
Ok,,FL_DQ[1],Location,PIN_AF10,Yes,,,
Ok,,FL_DQ[2],Location,PIN_AG10,Yes,,,
Ok,,FL_DQ[3],Location,PIN_AH10,Yes,,,
Ok,,FL_DQ[4],Location,PIN_AF11,Yes,,,
Ok,,FL_DQ[5],Location,PIN_AG11,Yes,,,
Ok,,FL_DQ[6],Location,PIN_AH11,Yes,,,
Ok,,FL_DQ[7],Location,PIN_AF12,Yes,,,
Ok,,FL_OE_N,Location,PIN_AG8,Yes,,,
Ok,,FL_RST_N,Location,PIN_AE11,Yes,,,
Ok,,FL_RY,Location,PIN_Y1,Yes,,,
Ok,,FL_WE_N,Location,PIN_AC10,Yes,,,
Ok,,FL_WP_N,Location,PIN_AE12,Yes,,,
Ok,,CAMERA_I2C_SCL,I/O Standard,2.5 V,Yes,,,
Ok,,CAMERA_I2C_SDA,I/O Standard,2.5 V,Yes,,,
Ok,,CAMERA_PWDN_n,I/O Standard,2.5 V,Yes,,,
Ok,,LCD_B[0],I/O Standard,2.5 V,Yes,,,
Ok,,LCD_B[1],I/O Standard,2.5 V,Yes,,,
Ok,,LCD_B[2],I/O Standard,2.5 V,Yes,,,
Ok,,LCD_B[3],I/O Standard,2.5 V,Yes,,,
Ok,,LCD_B[4],I/O Standard,2.5 V,Yes,,,
Ok,,LCD_B[5],I/O Standard,2.5 V,Yes,,,
Ok,,LCD_B[6],I/O Standard,2.5 V,Yes,,,
Ok,,LCD_B[7],I/O Standard,2.5 V,Yes,,,
Ok,,LCD_DCLK,I/O Standard,2.5 V,Yes,,,
Ok,,LCD_DE,I/O Standard,2.5 V,Yes,,,
Ok,,LCD_DIM,I/O Standard,2.5 V,Yes,,,
Ok,,LCD_DITH,I/O Standard,2.5 V,Yes,,,
Ok,,LCD_G[0],I/O Standard,2.5 V,Yes,,,
Ok,,LCD_G[1],I/O Standard,2.5 V,Yes,,,
Ok,,LCD_G[2],I/O Standard,2.5 V,Yes,,,
Ok,,LCD_G[3],I/O Standard,2.5 V,Yes,,,
Ok,,LCD_G[4],I/O Standard,2.5 V,Yes,,,
Ok,,LCD_G[5],I/O Standard,2.5 V,Yes,,,
Ok,,LCD_G[6],I/O Standard,2.5 V,Yes,,,
Ok,,LCD_G[7],I/O Standard,2.5 V,Yes,,,
Ok,,LCD_HSD,I/O Standard,2.5 V,Yes,,,
Ok,,LCD_MODE,I/O Standard,2.5 V,Yes,,,
Ok,,LCD_POWER_CTL,I/O Standard,2.5 V,Yes,,,
Ok,,LCD_RSTB,I/O Standard,2.5 V,Yes,,,
Ok,,LCD_R[0],I/O Standard,2.5 V,Yes,,,
Ok,,LCD_R[1],I/O Standard,2.5 V,Yes,,,
Ok,,LCD_R[2],I/O Standard,2.5 V,Yes,,,
Ok,,LCD_R[3],I/O Standard,2.5 V,Yes,,,
Ok,,LCD_R[4],I/O Standard,2.5 V,Yes,,,
Ok,,LCD_R[5],I/O Standard,2.5 V,Yes,,,
Ok,,LCD_R[6],I/O Standard,2.5 V,Yes,,,
Ok,,LCD_R[7],I/O Standard,2.5 V,Yes,,,
Ok,,LCD_SHLR,I/O Standard,2.5 V,Yes,,,
Ok,,LCD_UPDN,I/O Standard,2.5 V,Yes,,,
Ok,,LCD_VSD,I/O Standard,2.5 V,Yes,,,
Ok,,LSENSOR_ADDR_SEL,I/O Standard,2.5 V,Yes,,,
Ok,,LSENSOR_INT,I/O Standard,2.5 V,Yes,,,
Ok,,LSENSOR_SCL,I/O Standard,2.5 V,Yes,,,
Ok,,LSENSOR_SDA,I/O Standard,2.5 V,Yes,,,
Ok,,MIPI_CS_n,I/O Standard,2.5 V,Yes,,,
Ok,,MIPI_I2C_SCL,I/O Standard,2.5 V,Yes,,,
Ok,,MIPI_I2C_SDA,I/O Standard,2.5 V,Yes,,,
Ok,,MIPI_MCLK,I/O Standard,2.5 V,Yes,,,
Ok,,MIPI_PIXEL_CLK,I/O Standard,2.5 V,Yes,,,
Ok,,MIPI_PIXEL_D[0],I/O Standard,2.5 V,Yes,,,
Ok,,MIPI_PIXEL_D[1],I/O Standard,2.5 V,Yes,,,
Ok,,MIPI_PIXEL_D[2],I/O Standard,2.5 V,Yes,,,
Ok,,MIPI_PIXEL_D[3],I/O Standard,2.5 V,Yes,,,
Ok,,MIPI_PIXEL_D[4],I/O Standard,2.5 V,Yes,,,
Ok,,MIPI_PIXEL_D[5],I/O Standard,2.5 V,Yes,,,
Ok,,MIPI_PIXEL_D[6],I/O Standard,2.5 V,Yes,,,
Ok,,MIPI_PIXEL_D[7],I/O Standard,2.5 V,Yes,,,
Ok,,MIPI_PIXEL_D[8],I/O Standard,2.5 V,Yes,,,
Ok,,MIPI_PIXEL_D[9],I/O Standard,2.5 V,Yes,,,
Ok,,MIPI_PIXEL_D[10],I/O Standard,2.5 V,Yes,,,
Ok,,MIPI_PIXEL_D[11],I/O Standard,2.5 V,Yes,,,
Ok,,MIPI_PIXEL_D[12],I/O Standard,2.5 V,Yes,,,
Ok,,MIPI_PIXEL_D[13],I/O Standard,2.5 V,Yes,,,
Ok,,MIPI_PIXEL_HS,I/O Standard,2.5 V,Yes,,,
Ok,,MIPI_PIXEL_VS,I/O Standard,2.5 V,Yes,,,
Ok,,MIPI_REFCLK,I/O Standard,2.5 V,Yes,,,
Ok,,MIPI_RESET_n,I/O Standard,2.5 V,Yes,,,
Ok,,MPU_AD0_SDO,I/O Standard,2.5 V,Yes,,,
Ok,,MPU_CS_n,I/O Standard,2.5 V,Yes,,,
Ok,,MPU_FSYNC,I/O Standard,2.5 V,Yes,,,
Ok,,MPU_INT,I/O Standard,2.5 V,Yes,,,
Ok,,MPU_SCL_SCLK,I/O Standard,2.5 V,Yes,,,
Ok,,MPU_SDA_SDI,I/O Standard,2.5 V,Yes,,,
Ok,,TOUCH_I2C_SCL,I/O Standard,2.5 V,Yes,,,
Ok,,TOUCH_I2C_SDA,I/O Standard,2.5 V,Yes,,,
Ok,,TOUCH_INT_n,I/O Standard,2.5 V,Yes,,,
Ok,,CAMERA_I2C_SCL,Location,PIN_R21,Yes,,,
Ok,,CAMERA_I2C_SDA,Location,PIN_F27,Yes,,,
Ok,,CAMERA_PWDN_n,Location,PIN_R22,Yes,,,
Ok,,LCD_B[0],Location,PIN_P28,Yes,,,
Ok,,LCD_B[1],Location,PIN_P27,Yes,,,
Ok,,LCD_B[2],Location,PIN_J24,Yes,,,
Ok,,LCD_B[3],Location,PIN_J23,Yes,,,
Ok,,LCD_B[4],Location,PIN_T26,Yes,,,
Ok,,LCD_B[5],Location,PIN_T25,Yes,,,
Ok,,LCD_B[6],Location,PIN_R26,Yes,,,
Ok,,LCD_B[7],Location,PIN_R25,Yes,,,
Ok,,LCD_DCLK,Location,PIN_V24,Yes,,,
Ok,,LCD_DE,Location,PIN_H23,Yes,,,
Ok,,LCD_DIM,Location,PIN_P21,Yes,,,
Ok,,LCD_DITH,Location,PIN_L23,Yes,,,
Ok,,LCD_G[0],Location,PIN_P26,Yes,,,
Ok,,LCD_G[1],Location,PIN_P25,Yes,,,
Ok,,LCD_G[2],Location,PIN_N26,Yes,,,
Ok,,LCD_G[3],Location,PIN_N25,Yes,,,
Ok,,LCD_G[4],Location,PIN_L22,Yes,,,
Ok,,LCD_G[5],Location,PIN_L21,Yes,,,
Ok,,LCD_G[6],Location,PIN_U26,Yes,,,
Ok,,LCD_G[7],Location,PIN_U25,Yes,,,
Ok,,LCD_HSD,Location,PIN_U22,Yes,,,
Ok,,LCD_MODE,Location,PIN_L24,Yes,,,
Ok,,LCD_POWER_CTL,Location,PIN_M28,Yes,,,
Ok,,LCD_RSTB,Location,PIN_K22,Yes,,,
Ok,,LCD_R[0],Location,PIN_V28,Yes,,,
Ok,,LCD_R[1],Location,PIN_V27,Yes,,,
Ok,,LCD_R[2],Location,PIN_U28,Yes,,,
Ok,,LCD_R[3],Location,PIN_U27,Yes,,,
Ok,,LCD_R[4],Location,PIN_R28,Yes,,,
Ok,,LCD_R[5],Location,PIN_R27,Yes,,,
Ok,,LCD_R[6],Location,PIN_V26,Yes,,,
Ok,,LCD_R[7],Location,PIN_V25,Yes,,,
Ok,,LCD_SHLR,Location,PIN_H24,Yes,,,
Ok,,LCD_UPDN,Location,PIN_K21,Yes,,,
Ok,,LCD_VSD,Location,PIN_V22,Yes,,,
Ok,,LSENSOR_ADDR_SEL,Location,PIN_J25,Yes,,,
Ok,,LSENSOR_INT,Location,PIN_L28,Yes,,,
Ok,,LSENSOR_SCL,Location,PIN_J26,Yes,,,
Ok,,LSENSOR_SDA,Location,PIN_L27,Yes,,,
Ok,,MIPI_CS_n,Location,PIN_D28,Yes,,,
Ok,,MIPI_I2C_SCL,Location,PIN_AE26,Yes,,,
Ok,,MIPI_I2C_SDA,Location,PIN_AE27,Yes,,,
Ok,,MIPI_MCLK,Location,PIN_G24,Yes,,,
Ok,,MIPI_PIXEL_CLK,Location,PIN_J27,Yes,,,
Ok,,MIPI_PIXEL_D[0],Location,PIN_F24,Yes,,,
Ok,,MIPI_PIXEL_D[1],Location,PIN_F25,Yes,,,
Ok,,MIPI_PIXEL_D[2],Location,PIN_D26,Yes,,,
Ok,,MIPI_PIXEL_D[3],Location,PIN_C27,Yes,,,
Ok,,MIPI_PIXEL_D[4],Location,PIN_F26,Yes,,,
Ok,,MIPI_PIXEL_D[5],Location,PIN_E26,Yes,,,
Ok,,MIPI_PIXEL_D[6],Location,PIN_G25,Yes,,,
Ok,,MIPI_PIXEL_D[7],Location,PIN_G26,Yes,,,
Ok,,MIPI_PIXEL_D[8],Location,PIN_H25,Yes,,,
Ok,,MIPI_PIXEL_D[9],Location,PIN_H26,Yes,,,
Ok,,MIPI_PIXEL_D[10],Location,PIN_M26,Yes,,,
Ok,,MIPI_PIXEL_D[11],Location,PIN_M25,Yes,,,
Ok,,MIPI_PIXEL_D[12],Location,PIN_AF27,Yes,,,
Ok,,MIPI_PIXEL_D[13],Location,PIN_AE28,Yes,,,
Ok,,MIPI_PIXEL_HS,Location,PIN_K26,Yes,,,
Ok,,MIPI_PIXEL_VS,Location,PIN_K25,Yes,,,
Ok,,MIPI_REFCLK,Location,PIN_G23,Yes,,,
Ok,,MIPI_RESET_n,Location,PIN_D27,Yes,,,
Ok,,MPU_AD0_SDO,Location,PIN_K27,Yes,,,
Ok,,MPU_CS_n,Location,PIN_F28,Yes,,,
Ok,,MPU_FSYNC,Location,PIN_G28,Yes,,,
Ok,,MPU_INT,Location,PIN_G27,Yes,,,
Ok,,MPU_SCL_SCLK,Location,PIN_M27,Yes,,,
Ok,,MPU_SDA_SDI,Location,PIN_K28,Yes,,,
Ok,,TOUCH_I2C_SCL,Location,PIN_T22,Yes,,,
Ok,,TOUCH_I2C_SDA,Location,PIN_T21,Yes,,,
Ok,,TOUCH_INT_n,Location,PIN_R23,Yes,,,
Ok,,AUD_ADCDAT,Location,PIN_D2,Yes,,,
Ok,,AUD_ADCDAT,I/O Standard,3.3-V LVTTL,Yes,,,
Ok,,AUD_ADCLRCK,Location,PIN_C2,Yes,,,
Ok,,AUD_ADCLRCK,I/O Standard,3.3-V LVTTL,Yes,,,
Ok,,AUD_BCLK,Location,PIN_F2,Yes,,,
Ok,,AUD_BCLK,I/O Standard,3.3-V LVTTL,Yes,,,
Ok,,AUD_DACDAT,Location,PIN_D1,Yes,,,
Ok,,AUD_DACDAT,I/O Standard,3.3-V LVTTL,Yes,,,
Ok,,AUD_DACLRCK,Location,PIN_E3,Yes,,,
Ok,,AUD_DACLRCK,I/O Standard,3.3-V LVTTL,Yes,,,
Ok,,AUD_XCK,Location,PIN_E1,Yes,,,
Ok,,AUD_XCK,I/O Standard,3.3-V LVTTL,Yes,,,
Ok,,ENET0_GTX_CLK,Location,PIN_A17,Yes,,,
Ok,,ENET0_GTX_CLK,I/O Standard,2.5 V,Yes,,,
Ok,,ENET0_INT_N,Location,PIN_A21,Yes,,,
Ok,,ENET0_INT_N,I/O Standard,2.5 V,Yes,,,
Ok,,ENET0_LINK100,Location,PIN_C14,Yes,,,
Ok,,ENET0_LINK100,I/O Standard,3.3-V LVTTL,Yes,,,
Ok,,ENET0_MDC,Location,PIN_C20,Yes,,,
Ok,,ENET0_MDC,I/O Standard,2.5 V,Yes,,,
Ok,,ENET0_MDIO,Location,PIN_B21,Yes,,,
Ok,,ENET0_MDIO,I/O Standard,2.5 V,Yes,,,
Ok,,ENET0_RST_N,Location,PIN_C19,Yes,,,
Ok,,ENET0_RST_N,I/O Standard,2.5 V,Yes,,,
Ok,,ENET0_RX_CLK,Location,PIN_A15,Yes,,,
Ok,,ENET0_RX_CLK,I/O Standard,2.5 V,Yes,,,
Ok,,ENET0_RX_COL,Location,PIN_E15,Yes,,,
Ok,,ENET0_RX_COL,I/O Standard,2.5 V,Yes,,,
Ok,,ENET0_RX_CRS,Location,PIN_D15,Yes,,,
Ok,,ENET0_RX_CRS,I/O Standard,2.5 V,Yes,,,
Ok,,ENET0_RX_DATA[3],Location,PIN_C15,Yes,,,
Ok,,ENET0_RX_DATA[3],I/O Standard,2.5 V,Yes,,,
Ok,,ENET0_RX_DATA[2],Location,PIN_D17,Yes,,,
Ok,,ENET0_RX_DATA[2],I/O Standard,2.5 V,Yes,,,
Ok,,ENET0_RX_DATA[1],Location,PIN_D16,Yes,,,
Ok,,ENET0_RX_DATA[1],I/O Standard,2.5 V,Yes,,,
Ok,,ENET0_RX_DATA[0],Location,PIN_C16,Yes,,,
Ok,,ENET0_RX_DATA[0],I/O Standard,2.5 V,Yes,,,
Ok,,ENET0_RX_DV,Location,PIN_C17,Yes,,,
Ok,,ENET0_RX_DV,I/O Standard,2.5 V,Yes,,,
Ok,,ENET0_RX_ER,Location,PIN_D18,Yes,,,
Ok,,ENET0_RX_ER,I/O Standard,2.5 V,Yes,,,
Ok,,ENET0_TX_CLK,Location,PIN_B17,Yes,,,
Ok,,ENET0_TX_CLK,I/O Standard,2.5 V,Yes,,,
Ok,,ENET0_TX_DATA[3],Location,PIN_B19,Yes,,,
Ok,,ENET0_TX_DATA[3],I/O Standard,2.5 V,Yes,,,
Ok,,ENET0_TX_DATA[2],Location,PIN_A19,Yes,,,
Ok,,ENET0_TX_DATA[2],I/O Standard,2.5 V,Yes,,,
Ok,,ENET0_TX_DATA[1],Location,PIN_D19,Yes,,,
Ok,,ENET0_TX_DATA[1],I/O Standard,2.5 V,Yes,,,
Ok,,ENET0_TX_DATA[0],Location,PIN_C18,Yes,,,
Ok,,ENET0_TX_DATA[0],I/O Standard,2.5 V,Yes,,,
Ok,,ENET0_TX_EN,Location,PIN_A18,Yes,,,
Ok,,ENET0_TX_EN,I/O Standard,2.5 V,Yes,,,
Ok,,ENET0_TX_ER,Location,PIN_B18,Yes,,,
Ok,,ENET0_TX_ER,I/O Standard,2.5 V,Yes,,,
Ok,,GPIO[35],Location,PIN_AG26,Yes,,,
Ok,,GPIO[35],I/O Standard,3.3-V LVTTL,Yes,,,
Ok,,GPIO[34],Location,PIN_AH23,Yes,,,
Ok,,GPIO[34],I/O Standard,3.3-V LVTTL,Yes,,,
Ok,,GPIO[33],Location,PIN_AH26,Yes,,,
Ok,,GPIO[33],I/O Standard,3.3-V LVTTL,Yes,,,
Ok,,GPIO[32],Location,PIN_AF20,Yes,,,
Ok,,GPIO[32],I/O Standard,3.3-V LVTTL,Yes,,,
Ok,,GPIO[31],Location,PIN_AG23,Yes,,,
Ok,,GPIO[31],I/O Standard,3.3-V LVTTL,Yes,,,
Ok,,GPIO[30],Location,PIN_AE20,Yes,,,
Ok,,GPIO[30],I/O Standard,3.3-V LVTTL,Yes,,,
Ok,,GPIO[29],Location,PIN_AF26,Yes,,,
Ok,,GPIO[29],I/O Standard,3.3-V LVTTL,Yes,,,
Ok,,GPIO[28],Location,PIN_AH22,Yes,,,
Ok,,GPIO[28],I/O Standard,3.3-V LVTTL,Yes,,,
Ok,,GPIO[27],Location,PIN_AE24,Yes,,,
Ok,,GPIO[27],I/O Standard,3.3-V LVTTL,Yes,,,
Ok,,GPIO[26],Location,PIN_AG22,Yes,,,
Ok,,GPIO[26],I/O Standard,3.3-V LVTTL,Yes,,,
Ok,,GPIO[25],Location,PIN_AE25,Yes,,,
Ok,,GPIO[25],I/O Standard,3.3-V LVTTL,Yes,,,
Ok,,GPIO[24],Location,PIN_AH25,Yes,,,
Ok,,GPIO[24],I/O Standard,3.3-V LVTTL,Yes,,,
Ok,,GPIO[23],Location,PIN_AD25,Yes,,,
Ok,,GPIO[23],I/O Standard,3.3-V LVTTL,Yes,,,
Ok,,GPIO[22],Location,PIN_AG25,Yes,,,
Ok,,GPIO[22],I/O Standard,3.3-V LVTTL,Yes,,,
Ok,,GPIO[21],Location,PIN_AD22,Yes,,,
Ok,,GPIO[21],I/O Standard,3.3-V LVTTL,Yes,,,
Ok,,GPIO[20],Location,PIN_AF22,Yes,,,
Ok,,GPIO[20],I/O Standard,3.3-V LVTTL,Yes,,,
Ok,,GPIO[19],Location,PIN_AF21,Yes,,,
Ok,,GPIO[19],I/O Standard,3.3-V LVTTL,Yes,,,
Ok,,GPIO[18],Location,PIN_AE22,Yes,,,
Ok,,GPIO[18],I/O Standard,3.3-V LVTTL,Yes,,,
Ok,,GPIO[17],Location,PIN_AC22,Yes,,,
Ok,,GPIO[17],I/O Standard,3.3-V LVTTL,Yes,,,
Ok,,GPIO[16],Location,PIN_AF25,Yes,,,
Ok,,GPIO[16],I/O Standard,3.3-V LVTTL,Yes,,,
Ok,,GPIO[15],Location,PIN_AE21,Yes,,,
Ok,,GPIO[15],I/O Standard,3.3-V LVTTL,Yes,,,
Ok,,GPIO[14],Location,PIN_AF24,Yes,,,
Ok,,GPIO[14],I/O Standard,3.3-V LVTTL,Yes,,,
Ok,,GPIO[13],Location,PIN_AF15,Yes,,,
Ok,,GPIO[13],I/O Standard,3.3-V LVTTL,Yes,,,
Ok,,GPIO[12],Location,PIN_AD19,Yes,,,
Ok,,GPIO[12],I/O Standard,3.3-V LVTTL,Yes,,,
Ok,,GPIO[11],Location,PIN_AF16,Yes,,,
Ok,,GPIO[11],I/O Standard,3.3-V LVTTL,Yes,,,
Ok,,GPIO[10],Location,PIN_AC19,Yes,,,
Ok,,GPIO[10],I/O Standard,3.3-V LVTTL,Yes,,,
Ok,,GPIO[9],Location,PIN_AE15,Yes,,,
Ok,,GPIO[9],I/O Standard,3.3-V LVTTL,Yes,,,
Ok,,GPIO[8],Location,PIN_AD15,Yes,,,
Ok,,GPIO[8],I/O Standard,3.3-V LVTTL,Yes,,,
Ok,,GPIO[7],Location,PIN_AE16,Yes,,,
Ok,,GPIO[7],I/O Standard,3.3-V LVTTL,Yes,,,
Ok,,GPIO[6],Location,PIN_AD21,Yes,,,
Ok,,GPIO[6],I/O Standard,3.3-V LVTTL,Yes,,,
Ok,,GPIO[5],Location,PIN_Y16,Yes,,,
Ok,,GPIO[5],I/O Standard,3.3-V LVTTL,Yes,,,
Ok,,GPIO[4],Location,PIN_AC21,Yes,,,
Ok,,GPIO[4],I/O Standard,3.3-V LVTTL,Yes,,,
Ok,,GPIO[3],Location,PIN_Y17,Yes,,,
Ok,,GPIO[3],I/O Standard,3.3-V LVTTL,Yes,,,
Ok,,GPIO[2],Location,PIN_AB21,Yes,,,
Ok,,GPIO[2],I/O Standard,3.3-V LVTTL,Yes,,,
Ok,,GPIO[1],Location,PIN_AC15,Yes,,,
Ok,,GPIO[1],I/O Standard,3.3-V LVTTL,Yes,,,
Ok,,GPIO[0],Location,PIN_AB22,Yes,,,
Ok,,GPIO[0],I/O Standard,3.3-V LVTTL,Yes,,,
Ok,,HSMC_CLKIN0,Location,PIN_AH15,Yes,,,
Ok,,HSMC_CLKIN0,I/O Standard,3.0-V LVTTL,Yes,,,
Ok,,HSMC_CLKIN_P1,Location,PIN_J27,Yes,,,
Ok,,HSMC_CLKIN_P1,I/O Standard,LVDS,Yes,,,
Ok,,HSMC_CLKIN_P2,Location,PIN_Y27,Yes,,,
Ok,,HSMC_CLKIN_P2,I/O Standard,LVDS,Yes,,,
Ok,,HSMC_CLKOUT0,Location,PIN_AD28,Yes,,,
Ok,,HSMC_CLKOUT0,I/O Standard,2.5 V,Yes,,,
Ok,,HSMC_CLKOUT_P1,Location,PIN_G23,Yes,,,
Ok,,HSMC_CLKOUT_P1,I/O Standard,LVDS,Yes,,,
Ok,,HSMC_CLKOUT_P2,Location,PIN_V23,Yes,,,
Ok,,HSMC_CLKOUT_P2,I/O Standard,LVDS,Yes,,,
Ok,,HSMC_D[3],Location,PIN_AF27,Yes,,,
Ok,,HSMC_D[3],I/O Standard,2.5 V,Yes,,,
Ok,,HSMC_D[2],Location,PIN_AE27,Yes,,,
Ok,,HSMC_D[2],I/O Standard,2.5 V,Yes,,,
Ok,,HSMC_D[1],Location,PIN_AE28,Yes,,,
Ok,,HSMC_D[1],I/O Standard,2.5 V,Yes,,,
Ok,,HSMC_D[0],Location,PIN_AE26,Yes,,,
Ok,,HSMC_D[0],I/O Standard,2.5 V,Yes,,,
Ok,,HSMC_RX_D_P[16],Location,PIN_T21,Yes,,,
Ok,,HSMC_RX_D_P[16],I/O Standard,LVDS,Yes,,,
Ok,,HSMC_RX_D_P[15],Location,PIN_R22,Yes,,,
Ok,,HSMC_RX_D_P[15],I/O Standard,LVDS,Yes,,,
Ok,,HSMC_RX_D_P[14],Location,PIN_P21,Yes,,,
Ok,,HSMC_RX_D_P[14],I/O Standard,LVDS,Yes,,,
Ok,,HSMC_RX_D_P[13],Location,PIN_P25,Yes,,,
Ok,,HSMC_RX_D_P[13],I/O Standard,LVDS,Yes,,,
Ok,,HSMC_RX_D_P[12],Location,PIN_N25,Yes,,,
Ok,,HSMC_RX_D_P[12],I/O Standard,LVDS,Yes,,,
Ok,,HSMC_RX_D_P[11],Location,PIN_L21,Yes,,,
Ok,,HSMC_RX_D_P[11],I/O Standard,LVDS,Yes,,,
Ok,,HSMC_RX_D_P[10],Location,PIN_U25,Yes,,,
Ok,,HSMC_RX_D_P[10],I/O Standard,LVDS,Yes,,,
Ok,,HSMC_RX_D_P[9],Location,PIN_T25,Yes,,,
Ok,,HSMC_RX_D_P[9],I/O Standard,LVDS,Yes,,,
Ok,,HSMC_RX_D_P[8],Location,PIN_R25,Yes,,,
Ok,,HSMC_RX_D_P[8],I/O Standard,LVDS,Yes,,,
Ok,,HSMC_RX_D_P[7],Location,PIN_M25,Yes,,,
Ok,,HSMC_RX_D_P[7],I/O Standard,LVDS,Yes,,,
Ok,,HSMC_RX_D_P[6],Location,PIN_L23,Yes,,,
Ok,,HSMC_RX_D_P[6],I/O Standard,LVDS,Yes,,,
Ok,,HSMC_RX_D_P[5],Location,PIN_K25,Yes,,,
Ok,,HSMC_RX_D_P[5],I/O Standard,LVDS,Yes,,,
Ok,,HSMC_RX_D_P[4],Location,PIN_H25,Yes,,,
Ok,,HSMC_RX_D_P[4],I/O Standard,LVDS,Yes,,,
Ok,,HSMC_RX_D_P[3],Location,PIN_G25,Yes,,,
Ok,,HSMC_RX_D_P[3],I/O Standard,LVDS,Yes,,,
Ok,,HSMC_RX_D_P[2],Location,PIN_F26,Yes,,,
Ok,,HSMC_RX_D_P[2],I/O Standard,LVDS,Yes,,,
Ok,,HSMC_RX_D_P[1],Location,PIN_D26,Yes,,,
Ok,,HSMC_RX_D_P[1],I/O Standard,LVDS,Yes,,,
Ok,,HSMC_RX_D_P[0],Location,PIN_F24,Yes,,,
Ok,,HSMC_RX_D_P[0],I/O Standard,LVDS,Yes,,,
Ok,,HSMC_TX_D_P[16],Location,PIN_U22,Yes,,,
Ok,,HSMC_TX_D_P[16],I/O Standard,LVDS,Yes,,,
Ok,,HSMC_TX_D_P[15],Location,PIN_V27,Yes,,,
Ok,,HSMC_TX_D_P[15],I/O Standard,LVDS,Yes,,,
Ok,,HSMC_TX_D_P[14],Location,PIN_U27,Yes,,,
Ok,,HSMC_TX_D_P[14],I/O Standard,LVDS,Yes,,,
Ok,,HSMC_TX_D_P[13],Location,PIN_R27,Yes,,,
Ok,,HSMC_TX_D_P[13],I/O Standard,LVDS,Yes,,,
Ok,,HSMC_TX_D_P[12],Location,PIN_V25,Yes,,,
Ok,,HSMC_TX_D_P[12],I/O Standard,LVDS,Yes,,,
Ok,,HSMC_TX_D_P[11],Location,PIN_L27,Yes,,,
Ok,,HSMC_TX_D_P[11],I/O Standard,LVDS,Yes,,,
Ok,,HSMC_TX_D_P[10],Location,PIN_J25,Yes,,,
Ok,,HSMC_TX_D_P[10],I/O Standard,LVDS,Yes,,,
Ok,,HSMC_TX_D_P[9],Location,PIN_P27,Yes,,,
Ok,,HSMC_TX_D_P[9],I/O Standard,LVDS,Yes,,,
Ok,,HSMC_TX_D_P[8],Location,PIN_J23,Yes,,,
Ok,,HSMC_TX_D_P[8],I/O Standard,LVDS,Yes,,,
Ok,,HSMC_TX_D_P[7],Location,PIN_H23,Yes,,,
Ok,,HSMC_TX_D_P[7],I/O Standard,LVDS,Yes,,,
Ok,,HSMC_TX_D_P[6],Location,PIN_K21,Yes,,,
Ok,,HSMC_TX_D_P[6],I/O Standard,LVDS,Yes,,,
Ok,,HSMC_TX_D_P[5],Location,PIN_M27,Yes,,,
Ok,,HSMC_TX_D_P[5],I/O Standard,LVDS,Yes,,,
Ok,,HSMC_TX_D_P[4],Location,PIN_K27,Yes,,,
Ok,,HSMC_TX_D_P[4],I/O Standard,LVDS,Yes,,,
Ok,,HSMC_TX_D_P[3],Location,PIN_G27,Yes,,,
Ok,,HSMC_TX_D_P[3],I/O Standard,LVDS,Yes,,,
Ok,,HSMC_TX_D_P[2],Location,PIN_F27,Yes,,,
Ok,,HSMC_TX_D_P[2],I/O Standard,LVDS,Yes,,,
Ok,,HSMC_TX_D_P[1],Location,PIN_E27,Yes,,,
Ok,,HSMC_TX_D_P[1],I/O Standard,LVDS,Yes,,,
Ok,,HSMC_TX_D_P[0],Location,PIN_D27,Yes,,,
Ok,,HSMC_TX_D_P[0],I/O Standard,LVDS,Yes,,,
Ok,,OTG_DACK_N[1],Location,PIN_D4,Yes,,,
Ok,,OTG_DACK_N[1],I/O Standard,3.3-V LVTTL,Yes,,,
Ok,,OTG_DACK_N[0],Location,PIN_C4,Yes,,,
Ok,,OTG_DACK_N[0],I/O Standard,3.3-V LVTTL,Yes,,,
Ok,,OTG_DREQ[1],Location,PIN_B4,Yes,,,
Ok,,OTG_DREQ[1],I/O Standard,3.3-V LVTTL,Yes,,,
Ok,,OTG_DREQ[0],Location,PIN_J1,Yes,,,
Ok,,OTG_DREQ[0],I/O Standard,3.3-V LVTTL,Yes,,,
Ok,,OTG_FSPEED,Location,PIN_C6,Yes,,,
Ok,,OTG_FSPEED,I/O Standard,3.3-V LVTTL,Yes,,,
Ok,,OTG_INT[1],Location,PIN_D5,Yes,,,
Ok,,OTG_INT[1],I/O Standard,3.3-V LVTTL,Yes,,,
Ok,,OTG_INT[0],Location,PIN_A6,Yes,,,
Ok,,OTG_INT[0],I/O Standard,3.3-V LVTTL,Yes,,,
Ok,,OTG_LSPEED,Location,PIN_B6,Yes,,,
Ok,,OTG_LSPEED,I/O Standard,3.3-V LVTTL,Yes,,,
Ok,,OTG_WR_N,Location,PIN_A4,Yes,,,
Ok,,OTG_WR_N,I/O Standard,3.3-V LVTTL,Yes,,,
Ok,,SMA_CLKIN,Location,PIN_AH14,Yes,,,
Ok,,SMA_CLKIN,I/O Standard,3.3-V LVTTL,Yes,,,
Ok,,SMA_CLKOUT,Location,PIN_AE23,Yes,,,
Ok,,SMA_CLKOUT,I/O Standard,3.3-V LVTTL,Yes,,,
Ok,,HSMC_CLKIN_N1,Location,PIN_J28,Yes,,,
Ok,,HSMC_CLKIN_N1,I/O Standard,LVDS,Yes,,,
Ok,,HSMC_CLKIN_N2,Location,PIN_Y28,Yes,,,
Ok,,HSMC_CLKIN_N2,I/O Standard,LVDS,Yes,,,
Ok,,HSMC_TX_D_N[0],Location,PIN_D28,Yes,,,
Ok,,HSMC_TX_D_N[0],I/O Standard,LVDS,Yes,,,
Ok,,HSMC_RX_D_N[0],Location,PIN_F25,Yes,,,
Ok,,HSMC_RX_D_N[0],I/O Standard,LVDS,Yes,,,
Ok,,HSMC_RX_D_N[1],Location,PIN_C27,Yes,,,
Ok,,HSMC_RX_D_N[1],I/O Standard,LVDS,Yes,,,
Ok,,HSMC_TX_D_N[1],Location,PIN_E28,Yes,,,
Ok,,HSMC_TX_D_N[1],I/O Standard,LVDS,Yes,,,
Ok,,HSMC_TX_D_N[2],Location,PIN_F28,Yes,,,
Ok,,HSMC_TX_D_N[2],I/O Standard,LVDS,Yes,,,
Ok,,HSMC_RX_D_N[2],Location,PIN_E26,Yes,,,
Ok,,HSMC_RX_D_N[2],I/O Standard,LVDS,Yes,,,
Ok,,HSMC_TX_D_N[3],Location,PIN_G28,Yes,,,
Ok,,HSMC_TX_D_N[3],I/O Standard,LVDS,Yes,,,
Ok,,HSMC_RX_D_N[3],Location,PIN_G26,Yes,,,
Ok,,HSMC_RX_D_N[3],I/O Standard,LVDS,Yes,,,
Ok,,HSMC_TX_D_N[4],Location,PIN_K28,Yes,,,
Ok,,HSMC_TX_D_N[4],I/O Standard,LVDS,Yes,,,
Ok,,HSMC_RX_D_N[4],Location,PIN_H26,Yes,,,
Ok,,HSMC_RX_D_N[4],I/O Standard,LVDS,Yes,,,
Ok,,HSMC_TX_D_N[5],Location,PIN_M28,Yes,,,
Ok,,HSMC_TX_D_N[5],I/O Standard,LVDS,Yes,,,
Ok,,HSMC_RX_D_N[5],Location,PIN_K26,Yes,,,
Ok,,HSMC_RX_D_N[5],I/O Standard,LVDS,Yes,,,
Ok,,HSMC_TX_D_N[6],Location,PIN_K22,Yes,,,
Ok,,HSMC_TX_D_N[6],I/O Standard,LVDS,Yes,,,
Ok,,HSMC_RX_D_N[6],Location,PIN_L24,Yes,,,
Ok,,HSMC_RX_D_N[6],I/O Standard,LVDS,Yes,,,
Ok,,HSMC_TX_D_N[7],Location,PIN_H24,Yes,,,
Ok,,HSMC_TX_D_N[7],I/O Standard,LVDS,Yes,,,
Ok,,HSMC_RX_D_N[7],Location,PIN_M26,Yes,,,
Ok,,HSMC_RX_D_N[7],I/O Standard,LVDS,Yes,,,
Ok,,HSMC_TX_D_N[8],Location,PIN_J24,Yes,,,
Ok,,HSMC_TX_D_N[8],I/O Standard,LVDS,Yes,,,
Ok,,HSMC_RX_D_N[8],Location,PIN_R26,Yes,,,
Ok,,HSMC_RX_D_N[8],I/O Standard,LVDS,Yes,,,
Ok,,HSMC_TX_D_N[9],Location,PIN_P28,Yes,,,
Ok,,HSMC_TX_D_N[9],I/O Standard,LVDS,Yes,,,
Ok,,HSMC_RX_D_N[9],Location,PIN_T26,Yes,,,
Ok,,HSMC_RX_D_N[9],I/O Standard,LVDS,Yes,,,
Ok,,HSMC_TX_D_N[10],Location,PIN_J26,Yes,,,
Ok,,HSMC_TX_D_N[10],I/O Standard,LVDS,Yes,,,
Ok,,HSMC_RX_D_N[10],Location,PIN_U26,Yes,,,
Ok,,HSMC_RX_D_N[10],I/O Standard,LVDS,Yes,,,
Ok,,HSMC_TX_D_N[11],Location,PIN_L28,Yes,,,
Ok,,HSMC_TX_D_N[11],I/O Standard,LVDS,Yes,,,
Ok,,HSMC_RX_D_N[11],Location,PIN_L22,Yes,,,
Ok,,HSMC_RX_D_N[11],I/O Standard,LVDS,Yes,,,
Ok,,HSMC_TX_D_N[12],Location,PIN_V26,Yes,,,
Ok,,HSMC_TX_D_N[12],I/O Standard,LVDS,Yes,,,
Ok,,HSMC_RX_D_N[12],Location,PIN_N26,Yes,,,
Ok,,HSMC_RX_D_N[12],I/O Standard,LVDS,Yes,,,
Ok,,HSMC_TX_D_N[13],Location,PIN_R28,Yes,,,
Ok,,HSMC_TX_D_N[13],I/O Standard,LVDS,Yes,,,
Ok,,HSMC_RX_D_N[13],Location,PIN_P26,Yes,,,
Ok,,HSMC_RX_D_N[13],I/O Standard,LVDS,Yes,,,
Ok,,HSMC_TX_D_N[14],Location,PIN_U28,Yes,,,
Ok,,HSMC_TX_D_N[14],I/O Standard,LVDS,Yes,,,
Ok,,HSMC_RX_D_N[14],Location,PIN_R21,Yes,,,
Ok,,HSMC_RX_D_N[14],I/O Standard,LVDS,Yes,,,
Ok,,HSMC_TX_D_N[15],Location,PIN_V28,Yes,,,
Ok,,HSMC_TX_D_N[15],I/O Standard,LVDS,Yes,,,
Ok,,HSMC_RX_D_N[15],Location,PIN_R23,Yes,,,
Ok,,HSMC_RX_D_N[15],I/O Standard,LVDS,Yes,,,
Ok,,HSMC_TX_D_N[16],Location,PIN_V22,Yes,,,
Ok,,HSMC_TX_D_N[16],I/O Standard,LVDS,Yes,,,
Ok,,HSMC_RX_D_N[16],Location,PIN_T22,Yes,,,
Ok,,HSMC_RX_D_N[16],I/O Standard,LVDS,Yes,,,
Ok,,HSMC_CLKOUT_N2,Location,PIN_V24,Yes,,,
Ok,,HSMC_CLKOUT_N2,I/O Standard,LVDS,Yes,,,
Ok,,HSMC_CLKOUT_N1,Location,PIN_G24,Yes,,,
Ok,,HSMC_CLKOUT_N1,I/O Standard,LVDS,Yes,,,
